Driver,Team,EventName,Season,RoundNumber,LapNumber,predicted_laptime_xgb_s,predicted_laptime_lgb_s,predicted_laptime_stack_s,ensemble_laptime_s
ALB,Williams,Las Vegas Grand Prix,2024,22,3.0,101.61993,100.95746025711807,100.9579981618442,101.2886933548774
ALB,Williams,Las Vegas Grand Prix,2024,22,4.0,101.55254,100.64616333990776,100.72059726414288,101.09935349002224
ALB,Williams,Las Vegas Grand Prix,2024,22,5.0,99.86001,100.04347075335848,99.8670739772733,99.95173949655228
ALB,Williams,Las Vegas Grand Prix,2024,22,6.0,98.88611,99.14713586508488,98.9678145215106,99.01662213176118
ALB,Williams,Las Vegas Grand Prix,2024,22,7.0,99.19494,99.4251142874547,99.2727120190162,99.31002647356134
ALB,Williams,Las Vegas Grand Prix,2024,22,8.0,99.40864,99.53566278655259,99.40810670137793,99.47215039352044
ALB,Williams,Las Vegas Grand Prix,2024,22,11.0,98.97888,98.9994602266447,98.8771336761273,98.98917103129111
ALB,Williams,Las Vegas Grand Prix,2024,22,12.0,99.11297,99.09288740339908,98.96806120627826,99.10292792411164
ALB,Williams,Las Vegas Grand Prix,2024,22,13.0,98.92837,98.95750784044851,98.82245750577917,98.9429377275973
ALB,Williams,Las Vegas Grand Prix,2024,22,14.0,98.99129,98.96678823357671,98.84132818604274,98.97903773251102
ALB,Williams,Las Vegas Grand Prix,2024,22,15.0,98.85669,98.75547391383157,98.65473815652994,98.80608168347828
ALB,Williams,Las Vegas Grand Prix,2024,22,16.0,99.42219,99.26859771881229,99.16247252247192,99.34539276199403
ALB,Williams,Las Vegas Grand Prix,2024,22,18.0,98.87549,98.92925641055282,98.78012395821796,98.90237234590141
ALB,Williams,Las Vegas Grand Prix,2024,22,19.0,98.82569,98.83273805477089,98.6977929850546,98.82921463895771
ALB,Williams,Las Vegas Grand Prix,2024,22,20.0,98.231895,98.20868079878603,98.07368922158544,98.22028812278168
ALB,Williams,Las Vegas Grand Prix,2024,22,21.0,98.11826,98.01158817871156,97.897197170334,98.06492571167024
ALB,Williams,Las Vegas Grand Prix,2024,22,22.0,98.8105,98.99030283492888,98.81651315153765,98.90040196678085
ALB,Williams,Las Vegas Grand Prix,2024,22,23.0,99.345566,99.17281540325604,99.1002339772166,99.25919059957724
ALB,Williams,Las Vegas Grand Prix,2024,22,24.0,99.9233,99.7810281945555,99.64842774357855,99.85216494566643
ALO,Aston Martin,Las Vegas Grand Prix,2024,22,1.0,116.93051,122.35332985874436,120.99681696287567,119.64192066667687
ALO,Aston Martin,Las Vegas Grand Prix,2024,22,2.0,105.31991,98.71998198026562,99.61253102721675,102.01994506117774
ALO,Aston Martin,Las Vegas Grand Prix,2024,22,3.0,103.71025,99.0545480786889,99.70912447812566,101.38239946659054
ALO,Aston Martin,Las Vegas Grand Prix,2024,22,6.0,99.77441,99.79576304968619,99.65688258541415,99.78508474139582
ALO,Aston Martin,Las Vegas Grand Prix,2024,22,7.0,99.39208,99.73255180147032,99.46079516511227,99.5623170079129
ALO,Aston Martin,Las Vegas Grand Prix,2024,22,8.0,99.74391,99.6425822034105,99.49453010640664,99.69324697328727
ALO,Aston Martin,Las Vegas Grand Prix,2024,22,9.0,98.89647,99.27953650389203,99.08912143775159,99.08800281005148
ALO,Aston Martin,Las Vegas Grand Prix,2024,22,10.0,99.13163,99.14398509822739,98.99978979400677,99.13780752103753
ALO,Aston Martin,Las Vegas Grand Prix,2024,22,11.0,98.78177,98.78239180658021,98.66866120263464,98.78208030270417
ALO,Aston Martin,Las Vegas Grand Prix,2024,22,12.0,98.528015,98.54129097150032,98.41537599511517,98.53465305410953
ALO,Aston Martin,Las Vegas Grand Prix,2024,22,13.0,98.42897,98.41590150343691,98.30007102708171,98.42243592017549
ALO,Aston Martin,Las Vegas Grand Prix,2024,22,14.0,99.136375,98.96890780377214,98.8872729779149,99.05264161550912
ALO,Aston Martin,Las Vegas Grand Prix,2024,22,17.0,100.026474,99.89971662726413,99.83092394955224,99.96309531314378
ALO,Aston Martin,Las Vegas Grand Prix,2024,22,18.0,99.59274,99.58938427385013,99.46352801868949,99.591063596886
ALO,Aston Martin,Las Vegas Grand Prix,2024,22,19.0,99.957504,99.8623950817875,99.76015723724694,99.90994967712422
ALO,Aston Martin,Las Vegas Grand Prix,2024,22,20.0,98.97585,98.99442101967585,98.89093066579063,98.98513699299222
ALO,Aston Martin,Las Vegas Grand Prix,2024,22,21.0,98.923134,98.8922211006967,98.79467720086801,98.90767747539718
ALO,Aston Martin,Las Vegas Grand Prix,2024,22,22.0,99.27297,99.16831232609444,99.06081902802637,99.22064221651402
ALO,Aston Martin,Las Vegas Grand Prix,2024,22,26.0,97.91059,97.78750856354118,97.70163343653509,97.84904984451472
ALO,Aston Martin,Las Vegas Grand Prix,2024,22,27.0,98.198296,98.16109805226009,98.04199852001867,98.1796968227609
ALO,Aston Martin,Las Vegas Grand Prix,2024,22,28.0,98.39854,98.40568722150219,98.27860328496972,98.40211195181556
ALO,Aston Martin,Las Vegas Grand Prix,2024,22,29.0,98.316284,98.42554804371288,98.28285542682518,98.37091611170018
ALO,Aston Martin,Las Vegas Grand Prix,2024,22,30.0,98.05289,98.00287904783879,97.89556641600038,98.02788300536471
ALO,Aston Martin,Las Vegas Grand Prix,2024,22,31.0,97.88075,97.91951965408117,97.79265453437718,97.90013610877887
ALO,Aston Martin,Las Vegas Grand Prix,2024,22,32.0,97.61649,97.72604431118674,97.58375266598739,97.6712687681422
ALO,Aston Martin,Las Vegas Grand Prix,2024,22,33.0,97.69315,97.72445110450182,97.59541101889386,97.70880224292475
ALO,Aston Martin,Las Vegas Grand Prix,2024,22,34.0,97.76649,97.7483500111712,97.6365418043423,97.75741856637661
ALO,Aston Martin,Las Vegas Grand Prix,2024,22,35.0,97.80582,97.84377961598521,97.72373913217345,97.82479813318793
ALO,Aston Martin,Las Vegas Grand Prix,2024,22,37.0,97.922844,97.97131512035072,97.83946762290597,97.94707952672809
ALO,Aston Martin,Las Vegas Grand Prix,2024,22,38.0,97.74122,97.74166706639394,97.62264605201582,97.74144281664424
ALO,Aston Martin,Las Vegas Grand Prix,2024,22,39.0,96.809555,96.75471025399689,96.63367237306858,96.78213265385392
ALO,Aston Martin,Las Vegas Grand Prix,2024,22,40.0,97.05617,96.85927651346998,96.78109847102992,96.95772205800452
ALO,Aston Martin,Las Vegas Grand Prix,2024,22,41.0,97.24605,97.23082815502958,97.12740516551668,97.2384380643312
ALO,Aston Martin,Las Vegas Grand Prix,2024,22,42.0,97.778496,97.79324143118895,97.67777511467283,97.78586860988159
ALO,Aston Martin,Las Vegas Grand Prix,2024,22,43.0,97.849625,97.89029216043049,97.76177602174124,97.86995839710977
ALO,Aston Martin,Las Vegas Grand Prix,2024,22,44.0,97.80489,97.73317762668906,97.61421177490807,97.76903556017069
ALO,Aston Martin,Las Vegas Grand Prix,2024,22,45.0,98.36876,98.2062017412449,98.10770571893573,98.28748044825917
ALO,Aston Martin,Las Vegas Grand Prix,2024,22,46.0,98.48818,98.3936596888671,98.27653644972608,98.4409208783691
ALO,Aston Martin,Las Vegas Grand Prix,2024,22,47.0,98.328545,98.4324895087905,98.29492115011705,98.38051706274486
ALO,Aston Martin,Las Vegas Grand Prix,2024,22,48.0,98.373604,98.42133874297524,98.27990246488287,98.39747128188802
ALO,Aston Martin,Las Vegas Grand Prix,2024,22,49.0,98.09028,98.15477062058844,98.01993238139876,98.12252462303836
ALO,Aston Martin,Las Vegas Grand Prix,2024,22,50.0,98.0944,98.13816967753989,98.00566094012073,98.11628408803753
BOT,Sauber,Las Vegas Grand Prix,2024,22,2.0,103.45566,102.67967772500462,102.69946907721895,103.0676678419945
BOT,Sauber,Las Vegas Grand Prix,2024,22,3.0,102.125015,101.2015165199264,101.22628866916556,101.66326588935773
BOT,Sauber,Las Vegas Grand Prix,2024,22,4.0,102.05079,100.86088261959767,100.98422320019213,101.4558357494961
BOT,Sauber,Las Vegas Grand Prix,2024,22,5.0,99.742226,100.22135368928632,100.06250862542392,99.9817896681295
BOT,Sauber,Las Vegas Grand Prix,2024,22,6.0,99.673676,99.99653085343262,99.84501614146679,99.83510319527099
BOT,Sauber,Las Vegas Grand Prix,2024,22,7.0,99.69885,99.6867627755142,99.54434777900106,99.69280765728834
BOT,Sauber,Las Vegas Grand Prix,2024,22,8.0,99.91253,99.82832118382518,99.69163706466865,99.8704250877622
BOT,Sauber,Las Vegas Grand Prix,2024,22,9.0,99.88444,99.78590060386328,99.64785119318216,99.83516908244923
BOT,Sauber,Las Vegas Grand Prix,2024,22,10.0,99.94884,99.92451452773449,99.76800595889442,99.93667590400396
BOT,Sauber,Las Vegas Grand Prix,2024,22,11.0,100.49997,100.52780637644156,100.36453922213158,100.51388792943172
BOT,Sauber,Las Vegas Grand Prix,2024,22,12.0,101.21741,100.94426159074415,100.85430125384666,101.08083440865332
BOT,Sauber,Las Vegas Grand Prix,2024,22,13.0,101.94315,101.7082167911751,101.57182801204739,101.82568508626139
BOT,Sauber,Las Vegas Grand Prix,2024,22,14.0,102.26729,102.5338690994818,102.29604048287425,102.40057865374482
BOT,Sauber,Las Vegas Grand Prix,2024,22,15.0,102.78485,102.35105516720145,102.25068643460375,102.5679531207101
BOT,Sauber,Las Vegas Grand Prix,2024,22,16.0,103.19933,102.76032489853758,102.75657543573801,102.97982904472778
BOT,Sauber,Las Vegas Grand Prix,2024,22,19.0,99.669205,99.63577286625808,99.53368806652139,99.65248878908608
BOT,Sauber,Las Vegas Grand Prix,2024,22,20.0,99.55289,99.53128046121529,99.42661584793655,99.54208371205296
BOT,Sauber,Las Vegas Grand Prix,2024,22,21.0,99.63921,99.50634830682534,99.42430714113895,99.57278093441853
BOT,Sauber,Las Vegas Grand Prix,2024,22,22.0,99.34008,99.33461329618876,99.2237486560564,99.33734677870962
BOT,Sauber,Las Vegas Grand Prix,2024,22,23.0,99.420166,99.23252187920764,99.1586235330648,99.32634394741632
BOT,Sauber,Las Vegas Grand Prix,2024,22,24.0,99.03146,98.86373290463244,98.77420523428874,98.94759826383967
BOT,Sauber,Las Vegas Grand Prix,2024,22,25.0,99.49054,99.59367841637619,99.44932768318895,99.54210898357871
BOT,Sauber,Las Vegas Grand Prix,2024,22,26.0,98.80763,98.79441015844651,98.67115589324797,98.80102130236779
BOT,Sauber,Las Vegas Grand Prix,2024,22,27.0,98.99783,99.09710520348642,98.95124580323444,99.04746922771977
BOT,Sauber,Las Vegas Grand Prix,2024,22,28.0,98.565865,98.56462103752924,98.44785995691788,98.56524280025876
BOT,Sauber,Las Vegas Grand Prix,2024,22,29.0,98.658226,98.59558973442697,98.50490694714054,98.62690787380528
BOT,Sauber,Las Vegas Grand Prix,2024,22,30.0,99.39431,99.23817100990134,99.13218491699023,99.31624050372997
BOT,Sauber,Las Vegas Grand Prix,2024,22,31.0,99.718346,99.69812819021197,99.59411388605317,99.70823691615091
BOT,Sauber,Las Vegas Grand Prix,2024,22,32.0,100.50691,100.07794014638311,100.05122847174138,100.29242618891422
BOT,Sauber,Las Vegas Grand Prix,2024,22,33.0,100.31632,100.2630893861026,100.14780692241396,100.28970585638137
BOT,Sauber,Las Vegas Grand Prix,2024,22,34.0,100.62726,100.65448017498149,100.51227006851447,100.64086923788136
BOT,Sauber,Las Vegas Grand Prix,2024,22,37.0,97.4874,97.3195874710986,97.25167320878424,97.40349185566649
BOT,Sauber,Las Vegas Grand Prix,2024,22,38.0,97.321915,97.19895984794007,97.09435336377548,97.26043726039582
BOT,Sauber,Las Vegas Grand Prix,2024,22,39.0,97.2134,97.4478506782168,97.26568915664535,97.3306262363252
BOT,Sauber,Las Vegas Grand Prix,2024,22,41.0,97.37501,97.27960652017826,97.1958374950229,97.3273070747864
BOT,Sauber,Las Vegas Grand Prix,2024,22,42.0,98.67222,99.54108423183627,99.25153172715056,99.10665127729509
BOT,Sauber,Las Vegas Grand Prix,2024,22,43.0,97.50244,97.39984443123225,97.29634724264012,97.45114291874113
BOT,Sauber,Las Vegas Grand Prix,2024,22,44.0,96.764885,96.73603696180474,96.64636811873861,96.75046095526761
BOT,Sauber,Las Vegas Grand Prix,2024,22,45.0,96.74075,96.87079208963846,96.71424827121025,96.80577263173329
BOT,Sauber,Las Vegas Grand Prix,2024,22,46.0,96.58883,96.56095071465762,96.4467613594051,96.57488987759248
BOT,Sauber,Las Vegas Grand Prix,2024,22,47.0,96.58127,96.55990657341219,96.44197858078647,96.57058744197954
BOT,Sauber,Las Vegas Grand Prix,2024,22,48.0,97.35696,97.58675694798897,97.41896408405358,97.47185671496129
BOT,Sauber,Las Vegas Grand Prix,2024,22,49.0,98.1729,98.43116784212698,98.3597816147983,98.30203259049708
COL,Williams,Las Vegas Grand Prix,2024,22,2.0,103.21579,102.7658074934582,102.69846746139847,102.99079864419004
COL,Williams,Las Vegas Grand Prix,2024,22,3.0,102.53238,101.9565465051392,101.91848392305369,102.24446282776492
COL,Williams,Las Vegas Grand Prix,2024,22,4.0,101.65297,100.55593565090035,100.66913808619333,101.10445250562596
COL,Williams,Las Vegas Grand Prix,2024,22,5.0,99.940506,100.42088939339972,100.26542796302768,100.18069768742251
COL,Williams,Las Vegas Grand Prix,2024,22,6.0,99.25703,99.6594754862255,99.4901264029203,99.4582510792944
COL,Williams,Las Vegas Grand Prix,2024,22,7.0,99.99922,100.46097180154045,100.23922516138984,100.23009680164913
COL,Williams,Las Vegas Grand Prix,2024,22,8.0,99.70482,99.93676084990223,99.78554939415696,99.82078978774408
COL,Williams,Las Vegas Grand Prix,2024,22,9.0,100.33247,100.19228958405553,100.08105569184922,100.26238166946916
COL,Williams,Las Vegas Grand Prix,2024,22,10.0,99.491875,99.53545151660568,99.411511632535,99.51366310571495
COL,Williams,Las Vegas Grand Prix,2024,22,11.0,100.43031,100.15664113371294,100.10722941660842,100.29347712203224
COL,Williams,Las Vegas Grand Prix,2024,22,12.0,101.89804,101.85987828958251,101.70176966855007,101.87895953053345
COL,Williams,Las Vegas Grand Prix,2024,22,13.0,102.12581,102.427787850179,102.1871770408767,102.27679828299966
COL,Williams,Las Vegas Grand Prix,2024,22,14.0,102.086685,102.113252441137,101.95279989111437,102.09996881090053
COL,Williams,Las Vegas Grand Prix,2024,22,15.0,102.198006,102.15526984605972,102.03516842853502,102.17663776116463
COL,Williams,Las Vegas Grand Prix,2024,22,19.0,98.81728,98.72238439618759,98.61527094636581,98.76983401327934
COL,Williams,Las Vegas Grand Prix,2024,22,20.0,98.39348,98.40881959758026,98.2848152846145,98.40114899556747
COL,Williams,Las Vegas Grand Prix,2024,22,21.0,98.26528,98.26942128712855,98.13124930380496,98.26735148218732
COL,Williams,Las Vegas Grand Prix,2024,22,22.0,98.160904,98.1042572852514,97.98895719810682,98.13258060795773
COL,Williams,Las Vegas Grand Prix,2024,22,23.0,98.15531,98.1454634321654,98.01215709062652,98.15038750831903
COL,Williams,Las Vegas Grand Prix,2024,22,24.0,98.134544,98.09202705876764,97.96745041984462,98.11328571566312
COL,Williams,Las Vegas Grand Prix,2024,22,25.0,97.90272,98.01772927609248,97.87068263855423,97.96022343321226
COL,Williams,Las Vegas Grand Prix,2024,22,28.0,97.8903,97.90983101624614,97.794429806895,97.90006397614064
COL,Williams,Las Vegas Grand Prix,2024,22,29.0,98.1138,98.14271487712408,98.01998883837126,98.12825746297611
COL,Williams,Las Vegas Grand Prix,2024,22,30.0,98.17334,98.0956195571831,97.98694560190268,98.13447970046656
COL,Williams,Las Vegas Grand Prix,2024,22,31.0,98.40697,98.37877334455347,98.23654103069717,98.3928702538197
COL,Williams,Las Vegas Grand Prix,2024,22,32.0,98.897934,98.8260277602091,98.70903213684389,98.86198086008503
COL,Williams,Las Vegas Grand Prix,2024,22,33.0,98.323456,98.42123704020807,98.26350899068895,98.37234642537747
COL,Williams,Las Vegas Grand Prix,2024,22,34.0,97.67418,97.66291371590572,97.53576648835562,97.66854639652708
COL,Williams,Las Vegas Grand Prix,2024,22,35.0,97.33145,97.39394900582992,97.24222375874533,97.36270021092278
COL,Williams,Las Vegas Grand Prix,2024,22,36.0,97.22234,97.41197568892582,97.25569569448139,97.31715956687502
COL,Williams,Las Vegas Grand Prix,2024,22,37.0,97.01656,97.08380203217624,96.936770755792,97.05018272385179
COL,Williams,Las Vegas Grand Prix,2024,22,38.0,97.74294,97.62824943669764,97.52283522151205,97.68559612337812
COL,Williams,Las Vegas Grand Prix,2024,22,39.0,97.81035,97.63821450489819,97.5321422859143,97.7242815078202
COL,Williams,Las Vegas Grand Prix,2024,22,40.0,98.46899,98.43731850097977,98.30523480072519,98.45315250610511
COL,Williams,Las Vegas Grand Prix,2024,22,41.0,98.432625,98.5623420827951,98.39210822938614,98.49748344984482
COL,Williams,Las Vegas Grand Prix,2024,22,42.0,97.86661,97.67931264831118,97.58424488174643,97.7729601571634
COL,Williams,Las Vegas Grand Prix,2024,22,43.0,97.24601,97.12885033602261,97.01759329128438,97.18743008134138
COL,Williams,Las Vegas Grand Prix,2024,22,44.0,97.43397,97.33861108733855,97.26807970260741,97.3862893388353
COL,Williams,Las Vegas Grand Prix,2024,22,45.0,97.7838,97.61414224241565,97.49481199184572,97.69897023009455
COL,Williams,Las Vegas Grand Prix,2024,22,46.0,97.8971,97.9046607768529,97.78655879911612,97.90088156640496
COL,Williams,Las Vegas Grand Prix,2024,22,47.0,97.4072,97.30050126380146,97.18673918157133,97.35385246905894
COL,Williams,Las Vegas Grand Prix,2024,22,48.0,97.04054,97.07032693490581,96.94059069855437,97.05543476872244
COL,Williams,Las Vegas Grand Prix,2024,22,49.0,97.041435,97.24115791660373,97.08175450510463,97.14129657915147
COL,Williams,Las Vegas Grand Prix,2024,22,50.0,98.8792,99.08054144130973,98.96556664753513,98.97987261884822
GAS,Alpine,Las Vegas Grand Prix,2024,22,2.0,101.10364,100.11383986914181,100.2154505705998,100.60873878222716
GAS,Alpine,Las Vegas Grand Prix,2024,22,3.0,100.38371,99.5114373115667,99.5628130862082,99.94757504006068
GAS,Alpine,Las Vegas Grand Prix,2024,22,4.0,100.5562,99.69546012395243,99.80197964671295,100.12582912203482
GAS,Alpine,Las Vegas Grand Prix,2024,22,5.0,99.287346,99.3861909183443,99.24697157349253,99.33676840228739
GAS,Alpine,Las Vegas Grand Prix,2024,22,6.0,99.36409,99.56782786767515,99.41837361181393,99.46595891674772
GAS,Alpine,Las Vegas Grand Prix,2024,22,7.0,99.54476,99.92835903525958,99.70360605511965,99.73656034648721
GAS,Alpine,Las Vegas Grand Prix,2024,22,12.0,98.651085,98.22506630312301,98.1855417242806,98.43807560151268
GAS,Alpine,Las Vegas Grand Prix,2024,22,13.0,98.43473,98.03944158678331,98.03755721581642,98.23708605828423
GAS,Alpine,Las Vegas Grand Prix,2024,22,14.0,99.82306,99.02754442603435,99.21897686361444,99.4253017540328
HAM,Mercedes,Las Vegas Grand Prix,2024,22,2.0,101.24499,100.44457606071096,100.4800052004038,100.84478177425197
HAM,Mercedes,Las Vegas Grand Prix,2024,22,3.0,100.800316,99.79669762455335,99.89537049623951,100.29850674074348
HAM,Mercedes,Las Vegas Grand Prix,2024,22,4.0,100.56038,99.49245653078754,99.60130532315264,100.02641777955392
HAM,Mercedes,Las Vegas Grand Prix,2024,22,5.0,99.29556,99.4592069474636,99.31257943946653,99.37738484580211
HAM,Mercedes,Las Vegas Grand Prix,2024,22,6.0,98.871605,98.96725875141912,98.82592294171111,98.91943183542637
HAM,Mercedes,Las Vegas Grand Prix,2024,22,7.0,99.81649,100.0431278888751,99.84871692340367,99.92980903110748
HAM,Mercedes,Las Vegas Grand Prix,2024,22,8.0,99.571785,99.69963946746452,99.54208454509353,99.63571222030453
HAM,Mercedes,Las Vegas Grand Prix,2024,22,9.0,100.50601,100.72041231849727,100.60160338906562,100.61321214069395
HAM,Mercedes,Las Vegas Grand Prix,2024,22,10.0,100.28986,100.63020158981523,100.47295665416955,100.4600325881205
HAM,Mercedes,Las Vegas Grand Prix,2024,22,11.0,99.66619,99.67538841467044,99.54873313528337,99.67078975787233
HAM,Mercedes,Las Vegas Grand Prix,2024,22,12.0,99.06655,99.07417693269241,98.96807585905255,99.07036407059425
HAM,Mercedes,Las Vegas Grand Prix,2024,22,15.0,97.714516,97.75439597527435,97.62254968768406,97.73445583065475
HAM,Mercedes,Las Vegas Grand Prix,2024,22,16.0,97.243256,97.26007988826271,97.11199571264922,97.25166775174854
HAM,Mercedes,Las Vegas Grand Prix,2024,22,18.0,97.46087,97.4202159002136,97.30380861419452,97.44054236783141
HAM,Mercedes,Las Vegas Grand Prix,2024,22,19.0,97.58982,97.62640235128143,97.48999147709817,97.60811160654892
HAM,Mercedes,Las Vegas Grand Prix,2024,22,20.0,97.56839,97.58005897434336,97.44978919900191,97.57422443346074
HAM,Mercedes,Las Vegas Grand Prix,2024,22,21.0,97.5419,97.58972715125824,97.43697089048179,97.56581389301193
HAM,Mercedes,Las Vegas Grand Prix,2024,22,22.0,97.20601,97.17564592922758,97.05932421750195,97.1908274201802
HAM,Mercedes,Las Vegas Grand Prix,2024,22,23.0,97.25429,97.17856731204067,97.05816328211908,97.21642751588362
HAM,Mercedes,Las Vegas Grand Prix,2024,22,24.0,97.31971,97.26699334019345,97.14091460792038,97.29335155901273
HAM,Mercedes,Las Vegas Grand Prix,2024,22,25.0,97.74978,97.83831642330307,97.68543514295791,97.79404758543083
HAM,Mercedes,Las Vegas Grand Prix,2024,22,26.0,97.41525,97.42183073658892,97.29048247258449,97.41854171106789
HAM,Mercedes,Las Vegas Grand Prix,2024,22,29.0,96.81448,96.79572798388608,96.67587176376317,96.8051058132321
HAM,Mercedes,Las Vegas Grand Prix,2024,22,30.0,96.78519,96.744721712133,96.6233825908062,96.76495423985557
HAM,Mercedes,Las Vegas Grand Prix,2024,22,31.0,96.54366,96.52289923859713,96.4060436896556,96.53328113174973
HAM,Mercedes,Las Vegas Grand Prix,2024,22,32.0,96.57817,96.70586743445332,96.54667323416018,96.64201910541026
HAM,Mercedes,Las Vegas Grand Prix,2024,22,33.0,96.69527,96.58057979841169,96.47558486591002,96.63792326102225
HAM,Mercedes,Las Vegas Grand Prix,2024,22,34.0,97.00075,96.80346970032627,96.7294933202763,96.90210869049517
HAM,Mercedes,Las Vegas Grand Prix,2024,22,35.0,96.64994,96.64277811751055,96.5103090334411,96.6463593041166
HAM,Mercedes,Las Vegas Grand Prix,2024,22,36.0,96.37742,96.47115720629839,96.33942463960415,96.4242878621824
HAM,Mercedes,Las Vegas Grand Prix,2024,22,37.0,96.23851,96.12877263361183,96.03379508336583,96.18364138272389
HAM,Mercedes,Las Vegas Grand Prix,2024,22,38.0,96.20636,96.09233979576315,96.00394473183545,96.14934982952221
HAM,Mercedes,Las Vegas Grand Prix,2024,22,39.0,95.97458,95.95278244630106,95.83623699698576,95.96368065186147
HAM,Mercedes,Las Vegas Grand Prix,2024,22,40.0,95.990234,95.96982772174748,95.85443808010959,95.98003104837375
HAM,Mercedes,Las Vegas Grand Prix,2024,22,41.0,95.71775,95.64763556030884,95.53986016866594,95.68269305481263
HAM,Mercedes,Las Vegas Grand Prix,2024,22,42.0,95.75494,95.69367530208461,95.58307103619845,95.72430576017317
HAM,Mercedes,Las Vegas Grand Prix,2024,22,43.0,95.75854,95.64830815586865,95.55214444511223,95.70342272417456
HAM,Mercedes,Las Vegas Grand Prix,2024,22,44.0,95.780426,95.67712020146271,95.58340068639941,95.72877311342667
HAM,Mercedes,Las Vegas Grand Prix,2024,22,45.0,95.787834,95.67286012787453,95.57926826164069,95.73034714767749
HAM,Mercedes,Las Vegas Grand Prix,2024,22,46.0,95.7624,95.67894615316459,95.57824744281903,95.72067195963893
HAM,Mercedes,Las Vegas Grand Prix,2024,22,47.0,96.40479,96.08115341024882,96.07795080131403,96.24297309794667
HAM,Mercedes,Las Vegas Grand Prix,2024,22,48.0,96.85238,96.86074403494064,96.77448560727363,96.85656144007774
HAM,Mercedes,Las Vegas Grand Prix,2024,22,49.0,97.51924,97.59442392650818,97.45437247067697,97.55683262975799
HUL,Haas,Las Vegas Grand Prix,2024,22,2.0,100.89474,100.07265790942706,100.0917457440544,100.4836975765397
HUL,Haas,Las Vegas Grand Prix,2024,22,3.0,100.36238,99.39342482358116,99.45078694786014,99.87790290251323
HUL,Haas,Las Vegas Grand Prix,2024,22,4.0,100.31658,99.36805200917308,99.43811938559058,99.84231686762365
HUL,Haas,Las Vegas Grand Prix,2024,22,5.0,99.63598,99.77002196687755,99.64063638401667,99.70300033280401
HUL,Haas,Las Vegas Grand Prix,2024,22,6.0,100.38414,100.34966117418773,100.21738298367985,100.36690059441808
HUL,Haas,Las Vegas Grand Prix,2024,22,7.0,100.132286,100.25202953602344,100.1044358345176,100.19215780390039
HUL,Haas,Las Vegas Grand Prix,2024,22,8.0,100.48356,100.37695840792107,100.26558899337601,100.4302585313531
HUL,Haas,Las Vegas Grand Prix,2024,22,9.0,100.957245,100.8953269766299,100.75085558646542,100.9262859248384
HUL,Haas,Las Vegas Grand Prix,2024,22,10.0,101.04025,101.0293928788678,100.87493975703295,101.03482278220733
HUL,Haas,Las Vegas Grand Prix,2024,22,11.0,100.88735,100.92369929194125,100.750903832198,100.90552564084368
HUL,Haas,Las Vegas Grand Prix,2024,22,12.0,100.93159,100.92880336863541,100.76098503431528,100.93019529393685
HUL,Haas,Las Vegas Grand Prix,2024,22,13.0,101.34909,101.48711196924722,101.2878715594263,101.41810127270955
HUL,Haas,Las Vegas Grand Prix,2024,22,16.0,98.99314,98.98547384252409,98.86364526586615,98.98930750842024
HUL,Haas,Las Vegas Grand Prix,2024,22,17.0,98.88104,98.87957573043312,98.7449658429105,98.88030910545093
HUL,Haas,Las Vegas Grand Prix,2024,22,18.0,98.602776,98.66209620509669,98.51785910280387,98.63243588941359
HUL,Haas,Las Vegas Grand Prix,2024,22,19.0,98.47231,98.53646512529602,98.39879050582529,98.50438902627106
HUL,Haas,Las Vegas Grand Prix,2024,22,20.0,97.99863,97.99109464234338,97.88074225332493,97.99486067566389
HUL,Haas,Las Vegas Grand Prix,2024,22,21.0,98.037796,98.03699279981629,97.92375074567346,98.03739441016205
HUL,Haas,Las Vegas Grand Prix,2024,22,22.0,97.807465,97.85555278512402,97.7188919265555,97.8315086923667
HUL,Haas,Las Vegas Grand Prix,2024,22,23.0,98.10521,98.11320508098959,97.9929440772443,98.10920721578776
HUL,Haas,Las Vegas Grand Prix,2024,22,24.0,98.19281,98.12203998591161,98.00388672305074,98.15742502225268
HUL,Haas,Las Vegas Grand Prix,2024,22,25.0,98.77807,98.75640584314883,98.63364765623271,98.76723719281465
HUL,Haas,Las Vegas Grand Prix,2024,22,26.0,98.55746,98.60379078692935,98.4701027530396,98.5806238785721
HUL,Haas,Las Vegas Grand Prix,2024,22,27.0,98.64101,98.74477884892346,98.6108758430978,98.69289265932501
HUL,Haas,Las Vegas Grand Prix,2024,22,28.0,98.919716,98.99908120890242,98.84207310078693,98.95939854512504
HUL,Haas,Las Vegas Grand Prix,2024,22,29.0,99.401825,99.25524435289833,99.12987841377262,99.3285346520351
HUL,Haas,Las Vegas Grand Prix,2024,22,30.0,99.06683,99.07481328260312,98.93544275373496,99.07082338934843
HUL,Haas,Las Vegas Grand Prix,2024,22,31.0,98.85162,99.03578148435906,98.86673373238294,98.94370250975766
HUL,Haas,Las Vegas Grand Prix,2024,22,32.0,98.60708,98.59091804387938,98.47437231671282,98.59899829806274
HUL,Haas,Las Vegas Grand Prix,2024,22,35.0,98.13824,98.1073066809529,97.98420367401388,98.1227718402323
HUL,Haas,Las Vegas Grand Prix,2024,22,36.0,97.8863,97.94181518348086,97.81944936071513,97.91405715839082
HUL,Haas,Las Vegas Grand Prix,2024,22,37.0,97.60895,97.66693020552538,97.53075484649136,97.63793897971581
HUL,Haas,Las Vegas Grand Prix,2024,22,38.0,97.53074,97.50831020003842,97.40490995856857,97.51952451530241
HUL,Haas,Las Vegas Grand Prix,2024,22,39.0,97.213425,97.16448139295542,97.04705614946326,97.1889530377863
HUL,Haas,Las Vegas Grand Prix,2024,22,40.0,97.46065,97.28022282119305,97.21171167731814,97.37043520210042
HUL,Haas,Las Vegas Grand Prix,2024,22,41.0,97.86364,97.7472492136655,97.63379845000067,97.80544452260423
HUL,Haas,Las Vegas Grand Prix,2024,22,42.0,97.92662,97.96294373304433,97.82964571777117,97.94478210822137
HUL,Haas,Las Vegas Grand Prix,2024,22,43.0,97.821014,97.84700982760347,97.72142827777223,97.83401211595017
HUL,Haas,Las Vegas Grand Prix,2024,22,44.0,97.25939,97.08307510474116,96.99859675054367,97.17123344470457
HUL,Haas,Las Vegas Grand Prix,2024,22,45.0,96.812195,96.77427403427593,96.66174206446833,96.79323442924735
HUL,Haas,Las Vegas Grand Prix,2024,22,46.0,96.79192,96.77042325769247,96.64146650697901,96.78117339032084
HUL,Haas,Las Vegas Grand Prix,2024,22,47.0,96.77097,96.7146293087859,96.60584097315258,96.74280125717615
HUL,Haas,Las Vegas Grand Prix,2024,22,48.0,96.76983,96.75236704628745,96.62965455737093,96.76109792133708
HUL,Haas,Las Vegas Grand Prix,2024,22,49.0,96.65093,96.67410409836366,96.5331306345111,96.6625182051877
HUL,Haas,Las Vegas Grand Prix,2024,22,50.0,96.825516,96.81798134172514,96.70640659395903,96.82174854439774
LAW,RB,Las Vegas Grand Prix,2024,22,2.0,101.45673,100.63548851991455,100.70210761851601,101.0461111117639
LAW,RB,Las Vegas Grand Prix,2024,22,3.0,100.79731,99.99747598674122,100.01140991714233,100.39739293111475
LAW,RB,Las Vegas Grand Prix,2024,22,4.0,100.98617,100.0251661394281,100.10773076985217,100.50566702357148
LAW,RB,Las Vegas Grand Prix,2024,22,5.0,99.58468,99.71523581484458,99.55974856048766,99.64995723237345
LAW,RB,Las Vegas Grand Prix,2024,22,6.0,99.656494,99.71628386490848,99.58096833472838,99.68638900276673
LAW,RB,Las Vegas Grand Prix,2024,22,7.0,99.610176,99.628056918209,99.51009397602684,99.61911650231738
LAW,RB,Las Vegas Grand Prix,2024,22,8.0,99.830414,99.91721996228523,99.77448875018615,99.8738168903223
LAW,RB,Las Vegas Grand Prix,2024,22,10.0,100.81885,100.81604322549666,100.71262789027497,100.81744544087333
LAW,RB,Las Vegas Grand Prix,2024,22,13.0,100.34367,100.27472901579021,100.1565832057757,100.30920136092246
LAW,RB,Las Vegas Grand Prix,2024,22,14.0,99.37441,99.40914247374059,99.27151940139731,99.39177750518084
LAW,RB,Las Vegas Grand Prix,2024,22,15.0,99.164,99.13154779245987,99.0052175876277,99.1477746286518
LAW,RB,Las Vegas Grand Prix,2024,22,16.0,98.98969,98.96232476289609,98.84087632218555,98.97600872544218
LAW,RB,Las Vegas Grand Prix,2024,22,17.0,99.123634,99.04334694580746,98.93193031499116,99.08349064209318
LAW,RB,Las Vegas Grand Prix,2024,22,18.0,99.20616,99.20163244735909,99.06543127366629,99.20389697319126
LAW,RB,Las Vegas Grand Prix,2024,22,19.0,99.3396,99.36290859769372,99.23509467550599,99.35125410353436
LAW,RB,Las Vegas Grand Prix,2024,22,20.0,99.35158,99.3604348387239,99.24168107639545,99.35600629875648
LAW,RB,Las Vegas Grand Prix,2024,22,21.0,99.353455,99.35705272702715,99.22874382376982,99.35525365843546
LAW,RB,Las Vegas Grand Prix,2024,22,22.0,99.61215,99.55564732036346,99.43710704924275,99.58389970998641
LAW,RB,Las Vegas Grand Prix,2024,22,23.0,99.29152,99.38123970270136,99.21646056495872,99.3363794338702
LAW,RB,Las Vegas Grand Prix,2024,22,24.0,99.52297,99.56936528898588,99.42139917006453,99.54616869795973
LAW,RB,Las Vegas Grand Prix,2024,22,25.0,99.59113,99.588318776444,99.45543055419607,99.58972594705989
LAW,RB,Las Vegas Grand Prix,2024,22,26.0,99.092545,99.11518221335928,98.97836640983354,99.10386338451167
LAW,RB,Las Vegas Grand Prix,2024,22,27.0,99.83111,99.69152415143431,99.60485543391157,99.761316122348
LAW,RB,Las Vegas Grand Prix,2024,22,28.0,100.545654,100.59098702040441,100.42525290837324,100.5683206586397
LAW,RB,Las Vegas Grand Prix,2024,22,29.0,99.20251,99.40946917927751,99.24036215162141,99.30598809916023
LAW,RB,Las Vegas Grand Prix,2024,22,30.0,99.513,99.2896555026676,99.20524133234262,99.40132799547442
LAW,RB,Las Vegas Grand Prix,2024,22,31.0,99.4383,99.63232050628865,99.49791242626485,99.53531079635721
LAW,RB,Las Vegas Grand Prix,2024,22,32.0,99.273224,99.43161314904499,99.27676933200635,99.35241851299907
LAW,RB,Las Vegas Grand Prix,2024,22,33.0,99.7784,99.76564493526627,99.61359909122191,99.77202077085579
LAW,RB,Las Vegas Grand Prix,2024,22,34.0,100.43784,100.11583523756352,100.09956984928466,100.27683928015871
LAW,RB,Las Vegas Grand Prix,2024,22,35.0,99.59229,99.63498984422748,99.47499022472752,99.613641314936
LAW,RB,Las Vegas Grand Prix,2024,22,36.0,100.37256,100.42221729684675,100.27013344966377,100.39738794529838
LAW,RB,Las Vegas Grand Prix,2024,22,41.0,97.376564,97.23201123417248,97.15373716427818,97.3042876300257
LAW,RB,Las Vegas Grand Prix,2024,22,42.0,97.2285,97.21768939330572,97.09146368191556,97.22309487975832
LAW,RB,Las Vegas Grand Prix,2024,22,43.0,97.22142,97.1864479900275,97.06046511519807,97.20393413905671
LAW,RB,Las Vegas Grand Prix,2024,22,44.0,97.148766,97.13209734180055,97.02090706354147,97.1404314528827
LAW,RB,Las Vegas Grand Prix,2024,22,45.0,97.0058,96.94623897802387,96.83888910110201,96.97601865893381
LAW,RB,Las Vegas Grand Prix,2024,22,46.0,97.04109,97.01695052229113,96.90479212105961,97.02902122061822
LAW,RB,Las Vegas Grand Prix,2024,22,47.0,97.0839,97.04275834248944,96.94993546340562,97.0633293970748
LAW,RB,Las Vegas Grand Prix,2024,22,48.0,97.069984,97.01305090641765,96.92041880966076,97.0415176712264
LAW,RB,Las Vegas Grand Prix,2024,22,49.0,97.22263,97.28008193484465,97.14146976881537,97.25135764833053
LAW,RB,Las Vegas Grand Prix,2024,22,50.0,97.317856,97.39379957874132,97.2570001928106,97.35582770685113
LEC,Ferrari,Las Vegas Grand Prix,2024,22,2.0,100.56672,99.53128021755825,99.6501556961414,100.04899963636701
LEC,Ferrari,Las Vegas Grand Prix,2024,22,3.0,99.70981,98.53112961407146,98.65371361401408,99.12046898184042
LEC,Ferrari,Las Vegas Grand Prix,2024,22,4.0,99.695076,98.41693975686054,98.54333376392852,99.05600787281503
LEC,Ferrari,Las Vegas Grand Prix,2024,22,5.0,98.91314,98.85346434837612,98.74969696837549,98.88330184581892
LEC,Ferrari,Las Vegas Grand Prix,2024,22,6.0,98.887054,98.81629085856586,98.70294468382119,98.85167265096263
LEC,Ferrari,Las Vegas Grand Prix,2024,22,7.0,100.02179,99.854360066157,99.88911389598528,99.93807480846912
LEC,Ferrari,Las Vegas Grand Prix,2024,22,8.0,102.39124,101.92668146035122,101.93717248684565,102.15896222065413
LEC,Ferrari,Las Vegas Grand Prix,2024,22,11.0,98.73336,98.82247378000669,98.6753261569595,98.77791703526702
LEC,Ferrari,Las Vegas Grand Prix,2024,22,12.0,99.40974,99.25776528716047,99.1487363964929,99.33375096023062
LEC,Ferrari,Las Vegas Grand Prix,2024,22,13.0,99.55543,99.53008134076856,99.40801910095519,99.54275444601905
LEC,Ferrari,Las Vegas Grand Prix,2024,22,14.0,99.333595,99.35383616538996,99.20331718105228,99.34371572063444
LEC,Ferrari,Las Vegas Grand Prix,2024,22,15.0,98.23314,98.24155149649064,98.12259504957669,98.23734526728829
LEC,Ferrari,Las Vegas Grand Prix,2024,22,16.0,98.42257,98.35827567485585,98.26344479257395,98.3904224748791
LEC,Ferrari,Las Vegas Grand Prix,2024,22,17.0,98.85765,98.99073589578896,98.81708069023136,98.92419332631245
LEC,Ferrari,Las Vegas Grand Prix,2024,22,18.0,98.41335,98.48087306888684,98.34761546681897,98.44711301759772
LEC,Ferrari,Las Vegas Grand Prix,2024,22,19.0,98.27278,98.27971899638199,98.13596995338581,98.27625018422614
LEC,Ferrari,Las Vegas Grand Prix,2024,22,20.0,97.58962,97.70264246970642,97.53830279685558,97.6461324836325
LEC,Ferrari,Las Vegas Grand Prix,2024,22,21.0,97.32566,97.43604561409063,97.3113423640193,97.38085315982852
LEC,Ferrari,Las Vegas Grand Prix,2024,22,22.0,97.15441,97.1677005507674,97.05151199529844,97.16105593334268
LEC,Ferrari,Las Vegas Grand Prix,2024,22,23.0,97.20999,97.20598093807361,97.07942673966876,97.20798619657586
LEC,Ferrari,Las Vegas Grand Prix,2024,22,24.0,97.334656,97.25151975782506,97.13668431480521,97.29308775977191
LEC,Ferrari,Las Vegas Grand Prix,2024,22,25.0,97.34412,97.34766210598092,97.22249388035759,97.34588915845922
LEC,Ferrari,Las Vegas Grand Prix,2024,22,26.0,97.60953,97.53823642211393,97.4220966928323,97.57388200500228
LEC,Ferrari,Las Vegas Grand Prix,2024,22,27.0,98.160614,98.21732899178828,98.09654389088705,98.18897150273008
LEC,Ferrari,Las Vegas Grand Prix,2024,22,28.0,98.40359,98.34328694584097,98.21971939318297,98.37343714357479
LEC,Ferrari,Las Vegas Grand Prix,2024,22,29.0,98.17675,98.15713633157698,98.009325528811,98.16694325734122
LEC,Ferrari,Las Vegas Grand Prix,2024,22,30.0,98.283714,98.22436424343884,98.10126699589779,98.25403926893622
LEC,Ferrari,Las Vegas Grand Prix,2024,22,34.0,97.15497,97.2121479028598,97.07555378601187,97.18355808228927
LEC,Ferrari,Las Vegas Grand Prix,2024,22,35.0,96.672844,96.51877409819046,96.42709907267736,96.59580901564797
LEC,Ferrari,Las Vegas Grand Prix,2024,22,36.0,96.474495,96.4350957499374,96.33178713165377,96.45479534200972
LEC,Ferrari,Las Vegas Grand Prix,2024,22,37.0,96.2558,96.12410697978599,96.03516444771788,96.18995265981488
LEC,Ferrari,Las Vegas Grand Prix,2024,22,38.0,96.25097,96.13334098400117,96.04577755281183,96.19215495855332
LEC,Ferrari,Las Vegas Grand Prix,2024,22,39.0,96.04694,96.01446944431724,95.89447371365249,96.030706554434
LEC,Ferrari,Las Vegas Grand Prix,2024,22,40.0,96.01283,95.923776343331,95.82218362117729,95.96830449246627
LEC,Ferrari,Las Vegas Grand Prix,2024,22,41.0,96.164375,96.04321796791305,95.9405107561824,96.10379663654442
LEC,Ferrari,Las Vegas Grand Prix,2024,22,42.0,96.31362,96.27791419627339,96.18102413089872,96.29576785863475
LEC,Ferrari,Las Vegas Grand Prix,2024,22,43.0,96.40319,96.35860571329175,96.26010907277671,96.38089816304236
LEC,Ferrari,Las Vegas Grand Prix,2024,22,44.0,96.37653,96.40018921753948,96.29958783394845,96.38836136292014
LEC,Ferrari,Las Vegas Grand Prix,2024,22,45.0,96.211205,96.09878187656861,96.01793551250476,96.1549932026886
LEC,Ferrari,Las Vegas Grand Prix,2024,22,46.0,96.28654,96.03563416829586,95.97417425215669,96.16108566935301
LEC,Ferrari,Las Vegas Grand Prix,2024,22,47.0,96.23354,96.02082992105724,95.95914142802947,96.12718665852667
LEC,Ferrari,Las Vegas Grand Prix,2024,22,48.0,96.26409,96.05391497301045,95.99358589145234,96.15900323235483
LEC,Ferrari,Las Vegas Grand Prix,2024,22,49.0,96.312164,96.18828612369099,96.10408825312687,96.25022521516581
LEC,Ferrari,Las Vegas Grand Prix,2024,22,50.0,96.786705,96.9721868450276,96.83620471910417,96.87944593105871
MAG,Haas,Las Vegas Grand Prix,2024,22,2.0,103.40528,102.74600388348152,102.72198067455224,103.07564247518803
MAG,Haas,Las Vegas Grand Prix,2024,22,3.0,101.706696,100.77415192920294,100.83804035050358,101.24042374292179
MAG,Haas,Las Vegas Grand Prix,2024,22,4.0,101.81556,100.44770325928218,100.57205996936337,101.1316313232446
MAG,Haas,Las Vegas Grand Prix,2024,22,5.0,99.580666,99.98014924076753,99.81397921144462,99.78040741457322
MAG,Haas,Las Vegas Grand Prix,2024,22,6.0,98.90148,99.1846900707079,99.07664448331566,99.04308584956294
MAG,Haas,Las Vegas Grand Prix,2024,22,7.0,99.84103,99.88704237310841,99.76138846222486,99.86403433963038
MAG,Haas,Las Vegas Grand Prix,2024,22,8.0,100.01327,99.87871390479403,99.78234264266248,99.94599071094194
MAG,Haas,Las Vegas Grand Prix,2024,22,9.0,100.43472,100.35850387411524,100.25228911657776,100.39661338725293
MAG,Haas,Las Vegas Grand Prix,2024,22,10.0,101.21053,101.07746149222035,100.96975623631772,101.1439973171551
MAG,Haas,Las Vegas Grand Prix,2024,22,11.0,101.18151,101.06456769495145,100.92142572671642,101.12303931012221
MAG,Haas,Las Vegas Grand Prix,2024,22,12.0,101.893456,101.68880549468334,101.52324200457748,101.79113050002721
MAG,Haas,Las Vegas Grand Prix,2024,22,13.0,102.19206,102.15760685584831,102.03145987294405,102.174834616889
MAG,Haas,Las Vegas Grand Prix,2024,22,14.0,102.5826,102.30562949756461,102.19082121013369,102.44411647607723
MAG,Haas,Las Vegas Grand Prix,2024,22,15.0,102.30323,102.14553237149892,102.02933554730308,102.22438132857172
MAG,Haas,Las Vegas Grand Prix,2024,22,16.0,102.130875,102.38937625703079,102.2075406658447,102.26012544540993
MAG,Haas,Las Vegas Grand Prix,2024,22,19.0,99.85636,99.80924826317495,99.68412031574556,99.83280482616755
MAG,Haas,Las Vegas Grand Prix,2024,22,20.0,99.26287,99.29207194332196,99.16238995202195,99.27747136594809
MAG,Haas,Las Vegas Grand Prix,2024,22,21.0,99.52531,99.51967926996385,99.39014097725271,99.522492985812
MAG,Haas,Las Vegas Grand Prix,2024,22,22.0,99.191475,99.16839240170688,99.04448401494078,99.17993365812883
MAG,Haas,Las Vegas Grand Prix,2024,22,23.0,99.26955,99.09354699675765,99.0125304572699,99.18154675277336
MAG,Haas,Las Vegas Grand Prix,2024,22,24.0,98.906136,98.77900252797929,98.67777919099316,98.84256904353066
MAG,Haas,Las Vegas Grand Prix,2024,22,25.0,98.9326,99.00175337038877,98.88979666554542,98.96717764954985
MAG,Haas,Las Vegas Grand Prix,2024,22,26.0,98.366806,98.4124705979905,98.28063556560694,98.38963831413197
MAG,Haas,Las Vegas Grand Prix,2024,22,27.0,99.55682,99.23966540307717,99.14098436558339,99.39824456677296
MAG,Haas,Las Vegas Grand Prix,2024,22,28.0,98.80483,98.70909164657705,98.5885602269184,98.75696205253658
MAG,Haas,Las Vegas Grand Prix,2024,22,29.0,98.59258,98.65528077394674,98.52181814433,98.62393173829173
MAG,Haas,Las Vegas Grand Prix,2024,22,30.0,98.35585,98.3684599182107,98.2444798530043,98.36215506896863
MAG,Haas,Las Vegas Grand Prix,2024,22,31.0,98.1342,98.07772336580767,97.97058558918071,98.10596220780619
MAG,Haas,Las Vegas Grand Prix,2024,22,32.0,98.08085,98.07820242536368,97.94978400190143,98.07952555960567
MAG,Haas,Las Vegas Grand Prix,2024,22,33.0,97.859406,97.86707888020729,97.74428614926723,97.8632421988927
MAG,Haas,Las Vegas Grand Prix,2024,22,34.0,97.70023,97.70968946824833,97.58659287803336,97.70496146386049
MAG,Haas,Las Vegas Grand Prix,2024,22,35.0,97.497246,97.57566864476622,97.441938757183,97.53645721667021
MAG,Haas,Las Vegas Grand Prix,2024,22,36.0,97.82714,97.79115871183079,97.66998411699531,97.80914975996814
MAG,Haas,Las Vegas Grand Prix,2024,22,38.0,98.439285,98.49317820238385,98.38509737221531,98.46623174035207
MAG,Haas,Las Vegas Grand Prix,2024,22,39.0,97.953926,97.94477443927182,97.83994840894297,97.94935026284881
MAG,Haas,Las Vegas Grand Prix,2024,22,40.0,98.28957,98.07522464486648,97.97759709436627,98.18239915715003
MAG,Haas,Las Vegas Grand Prix,2024,22,41.0,97.79649,97.8716076155053,97.72955492404392,97.83405057288937
MAG,Haas,Las Vegas Grand Prix,2024,22,42.0,97.73377,97.80699070082439,97.65821077871402,97.7703814893282
MAG,Haas,Las Vegas Grand Prix,2024,22,43.0,97.80317,97.77962700246118,97.66866800011901,97.79139812647473
MAG,Haas,Las Vegas Grand Prix,2024,22,44.0,97.74781,97.79131971724146,97.64882480329898,97.7695650405055
MAG,Haas,Las Vegas Grand Prix,2024,22,45.0,97.72029,97.70939481422526,97.56855110487953,97.7148429759603
MAG,Haas,Las Vegas Grand Prix,2024,22,46.0,97.403404,97.3012881962147,97.1909955628313,97.35234621602727
MAG,Haas,Las Vegas Grand Prix,2024,22,47.0,97.02033,96.95404294375275,96.85543891786584,96.98718764008927
MAG,Haas,Las Vegas Grand Prix,2024,22,48.0,96.739334,96.88857223701203,96.74010621116803,96.81395317172867
MAG,Haas,Las Vegas Grand Prix,2024,22,49.0,96.590004,96.72989666870775,96.58214562394869,96.65995031799645
MAG,Haas,Las Vegas Grand Prix,2024,22,50.0,97.03017,97.13361206490424,96.98051147461365,97.0818893454404
NOR,McLaren,Las Vegas Grand Prix,2024,22,2.0,100.87825,100.37754640635015,100.3519368239508,100.62789826421023
NOR,McLaren,Las Vegas Grand Prix,2024,22,3.0,100.4533,99.71872394254146,99.73270154544781,100.08601220930784
NOR,McLaren,Las Vegas Grand Prix,2024,22,4.0,100.31493,99.27585727541756,99.3866214277044,99.79539552613652
NOR,McLaren,Las Vegas Grand Prix,2024,22,5.0,99.48544,99.54168780288666,99.40806347345837,99.51356545906052
NOR,McLaren,Las Vegas Grand Prix,2024,22,6.0,99.030266,99.17630483625672,99.02041777607889,99.1032853221811
NOR,McLaren,Las Vegas Grand Prix,2024,22,7.0,99.757744,100.14033280813999,99.8886910057615,99.9490383217946
NOR,McLaren,Las Vegas Grand Prix,2024,22,8.0,100.31766,100.53214994210997,100.374919053512,100.42490370640655
NOR,McLaren,Las Vegas Grand Prix,2024,22,11.0,97.78723,97.8281547978229,97.69911527632438,97.8076931215677
NOR,McLaren,Las Vegas Grand Prix,2024,22,15.0,98.09107,98.15940165760755,98.02198034178443,98.12523687006353
NOR,McLaren,Las Vegas Grand Prix,2024,22,16.0,98.156,98.04726750704924,97.95118061905627,98.10163286851486
NOR,McLaren,Las Vegas Grand Prix,2024,22,18.0,98.1957,98.13714926518439,98.01581661575317,98.16642543215275
NOR,McLaren,Las Vegas Grand Prix,2024,22,19.0,98.25003,98.17181430430408,98.05490019507135,98.2109224109411
NOR,McLaren,Las Vegas Grand Prix,2024,22,20.0,98.21237,98.13216092880556,98.01832359699323,98.17226637748871
NOR,McLaren,Las Vegas Grand Prix,2024,22,21.0,98.19581,98.13185432564595,98.01261208625776,98.16383136814524
NOR,McLaren,Las Vegas Grand Prix,2024,22,22.0,98.31963,98.27286283362865,98.14420761460495,98.29624815875769
NOR,McLaren,Las Vegas Grand Prix,2024,22,23.0,98.370834,98.3889062579296,98.2385320806917,98.37987030425776
NOR,McLaren,Las Vegas Grand Prix,2024,22,24.0,98.55225,98.56567107041641,98.4218686733711,98.55896239678047
NOR,McLaren,Las Vegas Grand Prix,2024,22,25.0,98.58289,98.61309701756844,98.47034826127658,98.59799519457523
NOR,McLaren,Las Vegas Grand Prix,2024,22,26.0,98.75864,98.76871902445662,98.64299339995327,98.763677749533
NOR,McLaren,Las Vegas Grand Prix,2024,22,27.0,98.74036,98.79984335836072,98.65281701023677,98.7700999018366
NOR,McLaren,Las Vegas Grand Prix,2024,22,28.0,98.949356,98.96028774510108,98.82846923072346,98.95482191210132
NOR,McLaren,Las Vegas Grand Prix,2024,22,29.0,99.05815,99.0710113288495,98.93406525864847,99.06458128698334
NOR,McLaren,Las Vegas Grand Prix,2024,22,32.0,97.56254,97.5041496301265,97.39964373744253,97.53334388854958
NOR,McLaren,Las Vegas Grand Prix,2024,22,33.0,97.74003,97.77638425679947,97.63851224245438,97.75820631907357
NOR,McLaren,Las Vegas Grand Prix,2024,22,34.0,97.724205,97.57747966528042,97.48124778087688,97.65084234118513
NOR,McLaren,Las Vegas Grand Prix,2024,22,35.0,97.48569,97.48804349481433,97.36697121276758,97.48686537533686
NOR,McLaren,Las Vegas Grand Prix,2024,22,36.0,97.103424,97.056473084052,96.94492433483839,97.07994857815882
NOR,McLaren,Las Vegas Grand Prix,2024,22,37.0,96.62374,96.51578004015346,96.40922284199645,96.5697605950279
NOR,McLaren,Las Vegas Grand Prix,2024,22,38.0,96.555,96.53968274105331,96.42137952433524,96.54734152311454
NOR,McLaren,Las Vegas Grand Prix,2024,22,39.0,96.42785,96.46041620570224,96.330936576582,96.4441325108101
NOR,McLaren,Las Vegas Grand Prix,2024,22,40.0,96.17824,96.04119710822525,95.95207163620772,96.10971751163216
NOR,McLaren,Las Vegas Grand Prix,2024,22,41.0,96.0223,95.95879145746628,95.84840355461856,95.99054608884056
NOR,McLaren,Las Vegas Grand Prix,2024,22,42.0,95.80883,95.74121369263116,95.63179152178444,95.77502197693082
NOR,McLaren,Las Vegas Grand Prix,2024,22,43.0,95.74955,95.6866654179778,95.58385061607247,95.71810764185022
NOR,McLaren,Las Vegas Grand Prix,2024,22,44.0,95.64262,95.60745559199235,95.49654359484809,95.6250359319825
NOR,McLaren,Las Vegas Grand Prix,2024,22,45.0,95.89983,95.66955729616788,95.62183333013087,95.78469548768355
NOR,McLaren,Las Vegas Grand Prix,2024,22,46.0,95.868126,95.83895280460221,95.73714772061011,95.85353936006479
NOR,McLaren,Las Vegas Grand Prix,2024,22,47.0,96.262024,96.21499555381025,96.1236656948791,96.23850973979575
NOR,McLaren,Las Vegas Grand Prix,2024,22,50.0,94.475296,94.48627068482838,94.46665432737393,94.4807833526681
OCO,Alpine,Las Vegas Grand Prix,2024,22,2.0,101.24071,100.46468057076979,100.49524155706735,100.85269398411536
OCO,Alpine,Las Vegas Grand Prix,2024,22,3.0,100.8243,99.9336186225221,99.97008078532299,100.37896064793097
OCO,Alpine,Las Vegas Grand Prix,2024,22,4.0,100.66616,99.49777346437021,99.60316338829129,100.08196702393315
OCO,Alpine,Las Vegas Grand Prix,2024,22,5.0,99.507935,99.49324237051907,99.3597510498505,99.50058847041578
OCO,Alpine,Las Vegas Grand Prix,2024,22,6.0,99.471634,99.64413632976603,99.4828183759692,99.55788512044941
OCO,Alpine,Las Vegas Grand Prix,2024,22,7.0,100.02131,99.97378927544678,99.83767192021794,99.99754908718629
OCO,Alpine,Las Vegas Grand Prix,2024,22,8.0,100.53044,100.47410006185939,100.32890782499092,100.50227067301954
OCO,Alpine,Las Vegas Grand Prix,2024,22,9.0,100.85573,100.87484680921042,100.70929556220354,100.86528747931224
OCO,Alpine,Las Vegas Grand Prix,2024,22,10.0,101.1021,101.2253172930001,101.05724347081903,101.16370692530865
OCO,Alpine,Las Vegas Grand Prix,2024,22,14.0,98.97546,98.91628847013783,98.80201781663071,98.9458723539654
OCO,Alpine,Las Vegas Grand Prix,2024,22,15.0,98.68493,98.63605355634122,98.53811122202283,98.66049122519209
OCO,Alpine,Las Vegas Grand Prix,2024,22,16.0,98.81655,98.72975497735133,98.62313685987631,98.7731530929237
OCO,Alpine,Las Vegas Grand Prix,2024,22,17.0,98.86193,98.75948220851045,98.6663965276852,98.81070652783922
OCO,Alpine,Las Vegas Grand Prix,2024,22,18.0,98.90723,98.95507979855374,98.81068325614646,98.93115318052688
OCO,Alpine,Las Vegas Grand Prix,2024,22,19.0,98.72358,98.74526069364981,98.61376978009326,98.73442005019405
OCO,Alpine,Las Vegas Grand Prix,2024,22,20.0,98.446945,98.48664702623952,98.36089045411256,98.4667961083346
OCO,Alpine,Las Vegas Grand Prix,2024,22,21.0,98.39039,98.36334900868829,98.25559556740394,98.37686874872891
OCO,Alpine,Las Vegas Grand Prix,2024,22,22.0,98.418915,98.45242993597587,98.32400925341423,98.43567236544888
OCO,Alpine,Las Vegas Grand Prix,2024,22,23.0,98.38983,98.38930744052958,98.27328101596089,98.38956949174917
OCO,Alpine,Las Vegas Grand Prix,2024,22,24.0,98.33817,98.42464138637617,98.2822364223516,98.3814071494869
OCO,Alpine,Las Vegas Grand Prix,2024,22,25.0,98.60393,98.62241561256296,98.49070078223778,98.61317161243383
OCO,Alpine,Las Vegas Grand Prix,2024,22,26.0,98.39616,98.43218097696844,98.28813312645492,98.41416864400179
OCO,Alpine,Las Vegas Grand Prix,2024,22,27.0,99.411446,99.3934453610016,99.25983515243998,99.40244548933869
OCO,Alpine,Las Vegas Grand Prix,2024,22,28.0,99.37317,99.4365245317281,99.31227878909826,99.40484673852029
OCO,Alpine,Las Vegas Grand Prix,2024,22,29.0,99.37472,99.30239394161471,99.19922652053,99.33855582700852
OCO,Alpine,Las Vegas Grand Prix,2024,22,30.0,99.30642,99.26400985022447,99.14341406100976,99.28521461139152
OCO,Alpine,Las Vegas Grand Prix,2024,22,31.0,99.644516,100.18384858844296,99.98887155425169,99.91418228982695
OCO,Alpine,Las Vegas Grand Prix,2024,22,32.0,99.54294,99.57935740276406,99.4477954715125,99.56114781759297
OCO,Alpine,Las Vegas Grand Prix,2024,22,33.0,99.82977,99.82850651331096,99.68077153382397,99.82913973126486
OCO,Alpine,Las Vegas Grand Prix,2024,22,34.0,99.37618,99.44491320776933,99.31045509027426,99.41054788196084
OCO,Alpine,Las Vegas Grand Prix,2024,22,35.0,99.57674,99.59142040767654,99.46960885868424,99.58407842893592
OCO,Alpine,Las Vegas Grand Prix,2024,22,36.0,100.20352,100.12654216470737,100.01791278168555,100.16503194661149
OCO,Alpine,Las Vegas Grand Prix,2024,22,37.0,99.92532,99.86198514679975,99.73529550330841,99.89365431656394
OCO,Alpine,Las Vegas Grand Prix,2024,22,38.0,99.671524,99.84325480867452,99.67443158317687,99.75738942826304
OCO,Alpine,Las Vegas Grand Prix,2024,22,39.0,99.66375,99.5620780803956,99.47101082837709,99.6129138876099
OCO,Alpine,Las Vegas Grand Prix,2024,22,40.0,99.69669,99.75173684472269,99.61287237270773,99.72421513256643
OCO,Alpine,Las Vegas Grand Prix,2024,22,41.0,99.94619,99.84288110565697,99.72653525408809,99.89453549301403
OCO,Alpine,Las Vegas Grand Prix,2024,22,42.0,99.216415,99.323703357028,99.21164727165224,99.27005938115072
OCO,Alpine,Las Vegas Grand Prix,2024,22,43.0,98.743996,98.85307976872014,98.7018764531996,98.79853771761202
OCO,Alpine,Las Vegas Grand Prix,2024,22,44.0,98.82752,98.78987287530056,98.6836645041937,98.80869757656629
OCO,Alpine,Las Vegas Grand Prix,2024,22,47.0,96.413666,96.33393722928155,96.22647257240675,96.37380150038297
OCO,Alpine,Las Vegas Grand Prix,2024,22,48.0,96.61235,96.42617054908371,96.32823377115842,96.51926050647545
OCO,Alpine,Las Vegas Grand Prix,2024,22,49.0,97.17855,96.88615710409587,96.79567028738582,97.03235391215536
PER,Red Bull,Las Vegas Grand Prix,2024,22,2.0,102.89387,103.05954442016684,102.8664150271503,102.97670595642131
PER,Red Bull,Las Vegas Grand Prix,2024,22,3.0,101.77275,101.20798314999426,101.15158389070552,101.49036700224323
PER,Red Bull,Las Vegas Grand Prix,2024,22,4.0,101.39566,100.36825801008902,100.43161298212878,100.88195920523982
PER,Red Bull,Las Vegas Grand Prix,2024,22,5.0,99.61632,99.92117979053947,99.75996426665137,99.76874876978145
PER,Red Bull,Las Vegas Grand Prix,2024,22,6.0,98.91319,99.54372081330716,99.30487520263274,99.2284567811653
PER,Red Bull,Las Vegas Grand Prix,2024,22,7.0,99.09968,99.34236392909042,99.19790538516396,99.2210209843206
PER,Red Bull,Las Vegas Grand Prix,2024,22,8.0,98.98071,99.05959693604079,98.92165793819953,99.0201549133329
PER,Red Bull,Las Vegas Grand Prix,2024,22,9.0,99.63721,99.71537811308875,99.5667430384339,99.67629257216937
PER,Red Bull,Las Vegas Grand Prix,2024,22,10.0,99.431984,99.60380550400012,99.44397239825831,99.51789472587701
PER,Red Bull,Las Vegas Grand Prix,2024,22,11.0,100.453575,100.40135146245905,100.28095791806251,100.4274632983682
PER,Red Bull,Las Vegas Grand Prix,2024,22,12.0,100.16671,100.09337003226511,99.99358619815945,100.13003996608373
PER,Red Bull,Las Vegas Grand Prix,2024,22,13.0,100.15562,100.28989088503137,100.16845376765106,100.22275382264263
PER,Red Bull,Las Vegas Grand Prix,2024,22,14.0,100.88571,100.99914878785411,100.85416476556763,100.94243022888799
PER,Red Bull,Las Vegas Grand Prix,2024,22,15.0,101.7437,101.81045535836333,101.6744124128467,101.77707673924026
PER,Red Bull,Las Vegas Grand Prix,2024,22,16.0,101.475586,101.64127129063093,101.47487508431313,101.55842861406546
PER,Red Bull,Las Vegas Grand Prix,2024,22,20.0,98.19736,98.13372764783074,98.0239818793196,98.16554241278256
PER,Red Bull,Las Vegas Grand Prix,2024,22,21.0,98.20758,98.11289580615139,98.0060183382385,98.16023818627882
PER,Red Bull,Las Vegas Grand Prix,2024,22,22.0,98.13313,98.04451420532273,97.93931471432796,98.08882356994653
PER,Red Bull,Las Vegas Grand Prix,2024,22,23.0,98.09902,98.05048620418403,97.93845540624216,98.07475405790257
PER,Red Bull,Las Vegas Grand Prix,2024,22,24.0,98.19228,98.1683942957278,98.0624062304326,98.18033896304945
PER,Red Bull,Las Vegas Grand Prix,2024,22,25.0,98.24156,98.05300483226493,97.96260803850303,98.14728336095669
PER,Red Bull,Las Vegas Grand Prix,2024,22,26.0,98.11238,98.09282946561453,97.97248167267607,98.10260522352992
PER,Red Bull,Las Vegas Grand Prix,2024,22,27.0,98.25964,98.12947946064904,98.0311556930651,98.19456150766827
PER,Red Bull,Las Vegas Grand Prix,2024,22,28.0,98.10789,98.04546193779287,97.92635777819316,98.07667460292964
PER,Red Bull,Las Vegas Grand Prix,2024,22,29.0,98.028465,98.01491791227737,97.89559443763292,98.02169159163674
PER,Red Bull,Las Vegas Grand Prix,2024,22,30.0,98.275505,98.09720348151784,98.0060734257505,98.18635427371791
PER,Red Bull,Las Vegas Grand Prix,2024,22,34.0,97.18127,97.16662622831245,97.05903102684684,97.17394650649021
PER,Red Bull,Las Vegas Grand Prix,2024,22,35.0,97.1715,97.2743214986221,97.13143016479277,97.22291132914503
PER,Red Bull,Las Vegas Grand Prix,2024,22,36.0,97.06578,97.01508343996642,96.90442343128134,97.04043203980743
PER,Red Bull,Las Vegas Grand Prix,2024,22,37.0,97.51172,97.39581438660144,97.3146859374648,97.45376656830072
PER,Red Bull,Las Vegas Grand Prix,2024,22,38.0,97.54971,97.26765176164642,97.17439575768502,97.40868244820602
PER,Red Bull,Las Vegas Grand Prix,2024,22,39.0,98.17467,98.20486474665032,98.08621992632254,98.18976605252438
PER,Red Bull,Las Vegas Grand Prix,2024,22,40.0,97.50532,97.55927302633864,97.42938550456495,97.53229535716346
PER,Red Bull,Las Vegas Grand Prix,2024,22,41.0,96.68371,96.85835063771371,96.71244657662615,96.77102941431585
PER,Red Bull,Las Vegas Grand Prix,2024,22,42.0,96.44672,96.39554205486112,96.2894647718341,96.42112918172744
PER,Red Bull,Las Vegas Grand Prix,2024,22,43.0,96.46128,96.50844690041129,96.38473653190592,96.4848638615826
PER,Red Bull,Las Vegas Grand Prix,2024,22,44.0,96.60417,96.51613655628346,96.41583798094348,96.56015415460658
PER,Red Bull,Las Vegas Grand Prix,2024,22,45.0,97.22007,96.95098364860291,96.91115654386174,97.08552676692841
PER,Red Bull,Las Vegas Grand Prix,2024,22,46.0,97.06077,97.0235255754369,96.90615515359067,97.04214685143916
PER,Red Bull,Las Vegas Grand Prix,2024,22,47.0,96.774216,96.69198273660244,96.57244981992659,96.7330992174223
PER,Red Bull,Las Vegas Grand Prix,2024,22,48.0,96.59172,96.58166591767858,96.46921034410668,96.58669324936663
PER,Red Bull,Las Vegas Grand Prix,2024,22,49.0,96.64327,96.70302074632045,96.5660179537051,96.6731465731114
PER,Red Bull,Las Vegas Grand Prix,2024,22,50.0,97.396996,97.58400935145102,97.4575475512815,97.4905024479423
PIA,McLaren,Las Vegas Grand Prix,2024,22,2.0,101.46369,101.13685605291539,101.05685589869051,101.30027388217059
PIA,McLaren,Las Vegas Grand Prix,2024,22,3.0,100.455635,99.42348047628533,99.53690255853093,99.93955777354306
PIA,McLaren,Las Vegas Grand Prix,2024,22,4.0,100.54394,99.54624018022554,99.64671835247222,100.0450889316655
PIA,McLaren,Las Vegas Grand Prix,2024,22,5.0,99.1492,99.32184574962132,99.15398123738039,99.23552309453723
PIA,McLaren,Las Vegas Grand Prix,2024,22,6.0,98.996925,99.21645526172931,99.05778821441432,99.10669030786661
PIA,McLaren,Las Vegas Grand Prix,2024,22,7.0,100.02668,100.35380526036138,100.12818778880114,100.19024262651858
PIA,McLaren,Las Vegas Grand Prix,2024,22,8.0,100.32439,100.54281841462401,100.37096716097655,100.43360250565185
PIA,McLaren,Las Vegas Grand Prix,2024,22,9.0,101.54807,101.58806257706573,101.46390381285447,101.56806769600357
PIA,McLaren,Las Vegas Grand Prix,2024,22,12.0,98.08748,98.14146640615678,98.00093835682168,98.11447252192605
PIA,McLaren,Las Vegas Grand Prix,2024,22,13.0,98.0487,98.11155154708328,97.96709134151462,98.08012498618812
PIA,McLaren,Las Vegas Grand Prix,2024,22,14.0,98.4233,99.01255340309075,98.75581474139828,98.71792754993405
PIA,McLaren,Las Vegas Grand Prix,2024,22,15.0,98.73792,98.71580090140917,98.58690039317621,98.7268617849331
PIA,McLaren,Las Vegas Grand Prix,2024,22,16.0,99.322075,99.36497974417667,99.23605417804555,99.34352731715668
PIA,McLaren,Las Vegas Grand Prix,2024,22,17.0,99.17401,99.16908442779108,99.02780783725746,99.1715478291299
PIA,McLaren,Las Vegas Grand Prix,2024,22,18.0,98.784096,98.5796998426972,98.48321441212926,98.68189780342868
PIA,McLaren,Las Vegas Grand Prix,2024,22,19.0,98.40707,98.46312163069193,98.34105133464826,98.4350939879534
PIA,McLaren,Las Vegas Grand Prix,2024,22,20.0,98.31971,98.31691213131901,98.17701873911729,98.31831095457552
PIA,McLaren,Las Vegas Grand Prix,2024,22,21.0,98.45452,98.42666884379659,98.30683615410827,98.4405950114979
PIA,McLaren,Las Vegas Grand Prix,2024,22,22.0,99.0036,98.81486089539574,98.71126822276175,98.90923098480724
PIA,McLaren,Las Vegas Grand Prix,2024,22,23.0,99.06104,98.92590493827292,98.81658903441706,98.99347386195873
PIA,McLaren,Las Vegas Grand Prix,2024,22,24.0,99.18487,99.11492194296062,98.98732607456999,99.14989490092367
PIA,McLaren,Las Vegas Grand Prix,2024,22,27.0,97.88701,98.00926406398597,97.87589932717918,97.94813636548908
PIA,McLaren,Las Vegas Grand Prix,2024,22,28.0,98.04081,98.18325053343878,98.04516979553856,98.11203008239322
PIA,McLaren,Las Vegas Grand Prix,2024,22,29.0,97.69511,97.78915697821036,97.65204678501303,97.74213174227901
PIA,McLaren,Las Vegas Grand Prix,2024,22,30.0,97.96704,98.02318749418643,97.88438317361958,97.99511425490572
PIA,McLaren,Las Vegas Grand Prix,2024,22,31.0,98.04995,98.08548674801864,97.96017881684327,98.06771819700737
PIA,McLaren,Las Vegas Grand Prix,2024,22,32.0,98.62516,98.50263153238838,98.37853037317834,98.56389587483676
PIA,McLaren,Las Vegas Grand Prix,2024,22,33.0,98.49152,98.48434275146096,98.36949268166227,98.48793324706837
PIA,McLaren,Las Vegas Grand Prix,2024,22,34.0,98.17407,98.1887549948316,98.06859728311542,98.18141363022829
PIA,McLaren,Las Vegas Grand Prix,2024,22,35.0,97.711586,97.72341909891952,97.59684925016508,97.71750254872734
PIA,McLaren,Las Vegas Grand Prix,2024,22,36.0,97.40046,97.38020358952517,97.26636641378902,97.39033143953797
PIA,McLaren,Las Vegas Grand Prix,2024,22,37.0,96.902756,96.92846503394072,96.80975197506717,96.9156103856227
PIA,McLaren,Las Vegas Grand Prix,2024,22,38.0,97.25273,97.17339517034458,97.07014451023696,97.21306324679338
PIA,McLaren,Las Vegas Grand Prix,2024,22,39.0,97.18079,97.05875796867006,96.95835710527336,97.11977586543856
PIA,McLaren,Las Vegas Grand Prix,2024,22,40.0,97.36757,97.37615763336653,97.25834871850628,97.37186330154654
PIA,McLaren,Las Vegas Grand Prix,2024,22,41.0,97.258385,97.20832154296454,97.1047143814866,97.23335312377719
PIA,McLaren,Las Vegas Grand Prix,2024,22,42.0,97.32437,97.28459448137765,97.16681157880312,97.30448290963415
PIA,McLaren,Las Vegas Grand Prix,2024,22,43.0,97.29211,97.27400791486247,97.14281153478353,97.28305727164022
PIA,McLaren,Las Vegas Grand Prix,2024,22,44.0,96.926216,96.92727024352386,96.81490328746784,96.92674318450608
PIA,McLaren,Las Vegas Grand Prix,2024,22,45.0,96.89547,96.99094477172001,96.83919975443382,96.94320721862368
PIA,McLaren,Las Vegas Grand Prix,2024,22,46.0,96.817986,96.78872962752517,96.67251943827169,96.80335758109658
PIA,McLaren,Las Vegas Grand Prix,2024,22,47.0,97.19448,97.22360671306129,97.0871305866076,97.20904380452869
PIA,McLaren,Las Vegas Grand Prix,2024,22,48.0,97.53475,97.58874249055395,97.45604938974161,97.5617471913219
PIA,McLaren,Las Vegas Grand Prix,2024,22,49.0,97.65461,97.6644368839758,97.54742575217773,97.65952328207578
PIA,McLaren,Las Vegas Grand Prix,2024,22,50.0,98.15945,98.18798937951114,98.08362545522515,98.17371804790986
RUS,Mercedes,Las Vegas Grand Prix,2024,22,2.0,99.975006,99.29662198543147,99.32945463221259,99.63581404447355
RUS,Mercedes,Las Vegas Grand Prix,2024,22,3.0,99.77872,99.12734266859114,99.17562693018822,99.45302985480339
RUS,Mercedes,Las Vegas Grand Prix,2024,22,4.0,99.82144,98.86408680589074,98.98134013022832,99.34276422814068
RUS,Mercedes,Las Vegas Grand Prix,2024,22,5.0,98.31103,98.37738965477035,98.25644629110727,98.34420859081291
RUS,Mercedes,Las Vegas Grand Prix,2024,22,6.0,98.25954,98.39227988080013,98.23240544777234,98.32590831198209
RUS,Mercedes,Las Vegas Grand Prix,2024,22,7.0,98.32034,98.3342123857865,98.20310481359168,98.3272777016823
RUS,Mercedes,Las Vegas Grand Prix,2024,22,8.0,98.45928,98.41729552999395,98.30551627159183,98.43828872569034
RUS,Mercedes,Las Vegas Grand Prix,2024,22,9.0,98.56995,98.6281531501197,98.49254092021818,98.59904971959111
RUS,Mercedes,Las Vegas Grand Prix,2024,22,10.0,98.67176,98.69640581945909,98.57153595072884,98.68408318927055
RUS,Mercedes,Las Vegas Grand Prix,2024,22,11.0,98.75675,98.68847303261806,98.58318881486528,98.7226125233891
RUS,Mercedes,Las Vegas Grand Prix,2024,22,14.0,98.29667,98.20241489219238,98.09532306778551,98.24954194927003
RUS,Mercedes,Las Vegas Grand Prix,2024,22,15.0,98.27631,98.20774631216098,98.08996939216027,98.24203004694962
RUS,Mercedes,Las Vegas Grand Prix,2024,22,16.0,98.03275,97.97629728304281,97.86423597336636,98.00452513688273
RUS,Mercedes,Las Vegas Grand Prix,2024,22,17.0,97.950165,97.93413473817361,97.8116740393649,97.94214976654774
RUS,Mercedes,Las Vegas Grand Prix,2024,22,18.0,97.809235,97.84611150902253,97.72212545398806,97.82767306408158
RUS,Mercedes,Las Vegas Grand Prix,2024,22,19.0,97.83332,97.86073068734446,97.7395648220224,97.84702565251013
RUS,Mercedes,Las Vegas Grand Prix,2024,22,20.0,97.816345,97.8297731140397,97.70900452757466,97.82305916444173
RUS,Mercedes,Las Vegas Grand Prix,2024,22,21.0,97.542465,97.53379699179403,97.40606734775321,97.53813110087748
RUS,Mercedes,Las Vegas Grand Prix,2024,22,22.0,97.43505,97.52265722662005,97.39029562945429,97.47885409548776
RUS,Mercedes,Las Vegas Grand Prix,2024,22,23.0,97.46563,97.49298989180049,97.36941705893081,97.47930973471861
RUS,Mercedes,Las Vegas Grand Prix,2024,22,24.0,97.52935,97.52372626715814,97.407673171307,97.52653827395993
RUS,Mercedes,Las Vegas Grand Prix,2024,22,25.0,97.60961,97.58313831986555,97.4699515303141,97.59637491554801
RUS,Mercedes,Las Vegas Grand Prix,2024,22,26.0,97.54259,97.5200200620682,97.38863877584127,97.53130367117082
RUS,Mercedes,Las Vegas Grand Prix,2024,22,27.0,97.59978,97.61895785727715,97.48522517030952,97.60936753947843
RUS,Mercedes,Las Vegas Grand Prix,2024,22,28.0,97.69955,97.66975234404647,97.55212444669668,97.68464957900565
RUS,Mercedes,Las Vegas Grand Prix,2024,22,29.0,97.57997,97.57639161960016,97.45690654318712,97.57818146653835
RUS,Mercedes,Las Vegas Grand Prix,2024,22,30.0,97.59996,97.64254165216927,97.50910776881386,97.62125098965885
RUS,Mercedes,Las Vegas Grand Prix,2024,22,31.0,97.61868,97.61588760179629,97.49239373319384,97.6172852315622
RUS,Mercedes,Las Vegas Grand Prix,2024,22,34.0,97.557816,97.53674035580092,97.42752670850372,97.54727795377937
RUS,Mercedes,Las Vegas Grand Prix,2024,22,35.0,97.19621,97.18131517372547,97.05353783185527,97.18876397114008
RUS,Mercedes,Las Vegas Grand Prix,2024,22,36.0,97.19472,97.13929152074276,97.02130142771114,97.16700446398465
RUS,Mercedes,Las Vegas Grand Prix,2024,22,37.0,96.990524,96.96501353429232,96.84654365701944,96.97776891314226
RUS,Mercedes,Las Vegas Grand Prix,2024,22,38.0,96.50459,96.52031052381325,96.38999825109858,96.51245170966052
RUS,Mercedes,Las Vegas Grand Prix,2024,22,39.0,96.34525,96.42161251836657,96.27692050031483,96.38343275454461
RUS,Mercedes,Las Vegas Grand Prix,2024,22,40.0,96.40568,96.42658233538708,96.30823626155498,96.41613006539862
RUS,Mercedes,Las Vegas Grand Prix,2024,22,41.0,96.43636,96.44094977855451,96.32473325239859,96.43865649938468
RUS,Mercedes,Las Vegas Grand Prix,2024,22,42.0,96.4452,96.47178552557645,96.35231389090602,96.45849179232924
RUS,Mercedes,Las Vegas Grand Prix,2024,22,43.0,96.167984,96.08575674779067,95.99375506528332,96.12687037828987
RUS,Mercedes,Las Vegas Grand Prix,2024,22,44.0,95.969086,95.95140421140407,95.83175032033569,95.96024495238171
RUS,Mercedes,Las Vegas Grand Prix,2024,22,45.0,96.000946,95.95031461166663,95.83669858916322,95.97563032829424
RUS,Mercedes,Las Vegas Grand Prix,2024,22,46.0,95.783226,95.69010727662426,95.589804789742,95.73666664490392
RUS,Mercedes,Las Vegas Grand Prix,2024,22,47.0,95.991295,95.94536026612694,95.8368389790162,95.9683275634834
RUS,Mercedes,Las Vegas Grand Prix,2024,22,48.0,96.22831,96.02347563417358,95.9499165915368,96.12589263276061
RUS,Mercedes,Las Vegas Grand Prix,2024,22,49.0,96.65877,96.70557769772287,96.59058480102132,96.68217269895909
RUS,Mercedes,Las Vegas Grand Prix,2024,22,50.0,97.41311,97.59649078676782,97.49135410715283,97.5047998062257
SAI,Ferrari,Las Vegas Grand Prix,2024,22,2.0,100.44386,99.78250684054323,99.78284270438876,100.11318487779116
SAI,Ferrari,Las Vegas Grand Prix,2024,22,3.0,99.83416,98.76028582667527,98.84626650451379,99.29722283887475
SAI,Ferrari,Las Vegas Grand Prix,2024,22,4.0,99.96918,99.09386939832419,99.12182983203068,99.53152332220897
SAI,Ferrari,Las Vegas Grand Prix,2024,22,5.0,98.497116,98.58308976241436,98.43248344764739,98.54010292564078
SAI,Ferrari,Las Vegas Grand Prix,2024,22,6.0,98.619354,98.62991691397661,98.49909658788833,98.62463558101174
SAI,Ferrari,Las Vegas Grand Prix,2024,22,7.0,99.09028,99.28112486856023,99.07165485951366,99.18570174702425
SAI,Ferrari,Las Vegas Grand Prix,2024,22,8.0,99.61195,99.51262825918866,99.37974082521774,99.56229099727011
SAI,Ferrari,Las Vegas Grand Prix,2024,22,9.0,100.50411,100.40152630287866,100.33258996004977,100.4528192732655
SAI,Ferrari,Las Vegas Grand Prix,2024,22,14.0,97.90609,97.92466590936361,97.79462763630491,97.91537784603923
SAI,Ferrari,Las Vegas Grand Prix,2024,22,15.0,98.158005,98.23550040034227,98.10286396553722,98.19675258054224
SAI,Ferrari,Las Vegas Grand Prix,2024,22,16.0,98.51316,98.5454590882481,98.41968110217098,98.52930989690725
SAI,Ferrari,Las Vegas Grand Prix,2024,22,17.0,98.251495,98.3513199246293,98.2029247260146,98.30140764297872
SAI,Ferrari,Las Vegas Grand Prix,2024,22,18.0,98.248604,98.35766473231912,98.18806317260467,98.30313427655994
SAI,Ferrari,Las Vegas Grand Prix,2024,22,19.0,97.86214,97.94152579579368,97.80698314361652,97.90183131830699
SAI,Ferrari,Las Vegas Grand Prix,2024,22,20.0,97.84275,97.85227346374285,97.71392647735223,97.84751200652963
SAI,Ferrari,Las Vegas Grand Prix,2024,22,21.0,97.64175,97.66350309605485,97.53360305721354,97.65262480852547
SAI,Ferrari,Las Vegas Grand Prix,2024,22,22.0,97.59685,97.6795561337712,97.52226091562513,97.63820183397544
SAI,Ferrari,Las Vegas Grand Prix,2024,22,23.0,97.579414,97.55278926117015,97.43239350433701,97.56610181442296
SAI,Ferrari,Las Vegas Grand Prix,2024,22,24.0,97.64317,97.60061220520345,97.4775167636664,97.62189271148844
SAI,Ferrari,Las Vegas Grand Prix,2024,22,25.0,97.85042,97.81519076639904,97.69249375983745,97.83280442860968
SAI,Ferrari,Las Vegas Grand Prix,2024,22,26.0,98.20052,98.13031034502346,98.02458281811298,98.16541686074416
SAI,Ferrari,Las Vegas Grand Prix,2024,22,30.0,97.248085,97.39382016554995,97.2428749130029,97.3209525937613
SAI,Ferrari,Las Vegas Grand Prix,2024,22,31.0,97.091034,97.13932439927407,97.0140944107875,97.11517916741047
SAI,Ferrari,Las Vegas Grand Prix,2024,22,32.0,97.21177,97.37540799903456,97.22111300735637,97.29358855151924
SAI,Ferrari,Las Vegas Grand Prix,2024,22,33.0,97.275826,97.35834480302267,97.21298482773466,97.31708515175548
SAI,Ferrari,Las Vegas Grand Prix,2024,22,34.0,97.3262,97.45094502252161,97.28995390285893,97.38857370754987
SAI,Ferrari,Las Vegas Grand Prix,2024,22,35.0,96.949036,96.83063463826538,96.73152607992084,96.88983514139832
SAI,Ferrari,Las Vegas Grand Prix,2024,22,36.0,96.52619,96.54075348712037,96.42934703127493,96.53347259927307
SAI,Ferrari,Las Vegas Grand Prix,2024,22,37.0,96.5942,96.57407716937709,96.45523926396261,96.58413865182722
SAI,Ferrari,Las Vegas Grand Prix,2024,22,38.0,96.409096,96.37969012711032,96.27033629171724,96.39439294563525
SAI,Ferrari,Las Vegas Grand Prix,2024,22,39.0,96.23863,96.10120201153835,96.01436131240945,96.1699171068434
SAI,Ferrari,Las Vegas Grand Prix,2024,22,40.0,96.031784,96.00996914272848,95.88838391840953,96.02087660017284
SAI,Ferrari,Las Vegas Grand Prix,2024,22,41.0,96.34427,96.187884159934,96.10164360029503,96.26607647938107
SAI,Ferrari,Las Vegas Grand Prix,2024,22,42.0,96.27883,96.1526965621014,96.07434120249667,96.2157640220175
SAI,Ferrari,Las Vegas Grand Prix,2024,22,43.0,96.39534,96.45581409933723,96.3319980500895,96.42557703257877
SAI,Ferrari,Las Vegas Grand Prix,2024,22,44.0,96.21713,95.95811929208122,95.905978041845,96.0876259302203
SAI,Ferrari,Las Vegas Grand Prix,2024,22,45.0,96.21857,96.17676508684666,96.0814570395621,96.19766599068896
SAI,Ferrari,Las Vegas Grand Prix,2024,22,46.0,96.00031,96.00565998492374,95.88750928730981,96.00298639504976
SAI,Ferrari,Las Vegas Grand Prix,2024,22,47.0,96.0151,95.92897151775865,95.82373137462312,95.972035044768
SAI,Ferrari,Las Vegas Grand Prix,2024,22,48.0,96.027245,95.97181804697574,95.86178318093721,95.99953130742341
SAI,Ferrari,Las Vegas Grand Prix,2024,22,49.0,96.017845,96.09801167874407,95.95679454563832,96.05792841627633
SAI,Ferrari,Las Vegas Grand Prix,2024,22,50.0,96.51812,96.738790283986,96.58724734219032,96.62845504799887
STR,Aston Martin,Las Vegas Grand Prix,2024,22,2.0,103.80317,103.21482411979598,103.19007983876041,103.50899668514214
STR,Aston Martin,Las Vegas Grand Prix,2024,22,3.0,101.82327,101.02015293441738,101.00312359249031,101.42171281974775
STR,Aston Martin,Las Vegas Grand Prix,2024,22,4.0,101.66175,100.84104980466091,100.85704511047393,101.25140029905897
STR,Aston Martin,Las Vegas Grand Prix,2024,22,5.0,99.48471,99.88669442231355,99.7248029866331,99.68570255783646
STR,Aston Martin,Las Vegas Grand Prix,2024,22,6.0,98.65483,99.21234513625767,99.0157348646343,98.93358803443743
STR,Aston Martin,Las Vegas Grand Prix,2024,22,7.0,99.13163,99.54007874536717,99.34635105928169,99.33585434460741
STR,Aston Martin,Las Vegas Grand Prix,2024,22,8.0,99.63144,99.62562757742079,99.51891174830999,99.62853339320259
STR,Aston Martin,Las Vegas Grand Prix,2024,22,11.0,98.26663,98.48414839825283,98.33069519652423,98.37539023916548
STR,Aston Martin,Las Vegas Grand Prix,2024,22,14.0,98.970055,99.0930291666066,98.94857882347843,99.03154189653571
STR,Aston Martin,Las Vegas Grand Prix,2024,22,15.0,98.553505,98.893519061349,98.69768107755583,98.72351200259833
STR,Aston Martin,Las Vegas Grand Prix,2024,22,16.0,99.17555,99.18839346763228,99.05829380565397,99.18197291789818
STR,Aston Martin,Las Vegas Grand Prix,2024,22,17.0,98.66177,98.64247419854574,98.52732466691533,98.65212394009319
STR,Aston Martin,Las Vegas Grand Prix,2024,22,18.0,98.715004,98.64394830154359,98.5296272630583,98.67947613441437
STR,Aston Martin,Las Vegas Grand Prix,2024,22,19.0,98.525215,98.52056993213463,98.39625233789612,98.52289254053021
STR,Aston Martin,Las Vegas Grand Prix,2024,22,20.0,98.444534,98.38946763328939,98.28274733301758,98.41700096752359
STR,Aston Martin,Las Vegas Grand Prix,2024,22,21.0,98.421295,98.46743933556667,98.33665254276937,98.44436725079115
STR,Aston Martin,Las Vegas Grand Prix,2024,22,22.0,98.43761,98.45905956764271,98.32825159778461,98.44833318958308
STR,Aston Martin,Las Vegas Grand Prix,2024,22,23.0,98.450645,98.49343504830777,98.35815453867902,98.47204024754257
STR,Aston Martin,Las Vegas Grand Prix,2024,22,24.0,98.52608,98.57502140006828,98.4403225471231,98.55054933528805
STR,Aston Martin,Las Vegas Grand Prix,2024,22,25.0,99.26983,99.31561568054444,99.19074797798953,99.29272223846559
STR,Aston Martin,Las Vegas Grand Prix,2024,22,26.0,99.28779,99.29324972814615,99.15391806810285,99.29051905962972
STR,Aston Martin,Las Vegas Grand Prix,2024,22,30.0,98.78231,98.66717469061066,98.57225692530724,98.72474258822525
STR,Aston Martin,Las Vegas Grand Prix,2024,22,31.0,98.41921,98.35328336350817,98.25084478855891,98.38624785240839
STR,Aston Martin,Las Vegas Grand Prix,2024,22,32.0,98.10281,98.08053088808164,97.95539775644646,98.09167230439238
STR,Aston Martin,Las Vegas Grand Prix,2024,22,33.0,97.93588,97.96963840723006,97.84353749059942,97.95276048779472
STR,Aston Martin,Las Vegas Grand Prix,2024,22,34.0,97.75262,97.74808030167144,97.62549940230346,97.75034859199783
STR,Aston Martin,Las Vegas Grand Prix,2024,22,36.0,98.26518,98.27215345816941,98.13611504993185,98.2686679766433
STR,Aston Martin,Las Vegas Grand Prix,2024,22,37.0,97.84907,97.93068538184706,97.78486986175479,97.88987653491768
STR,Aston Martin,Las Vegas Grand Prix,2024,22,38.0,98.0519,98.06863790107796,97.95066238604397,98.06027033603704
STR,Aston Martin,Las Vegas Grand Prix,2024,22,39.0,97.817825,97.89846589142488,97.77172376733915,97.85814560440384
STR,Aston Martin,Las Vegas Grand Prix,2024,22,40.0,97.59738,97.635262233011,97.50782344445294,97.61632191240395
STR,Aston Martin,Las Vegas Grand Prix,2024,22,41.0,97.46092,97.53989239451022,97.40642586965963,97.50040731786058
STR,Aston Martin,Las Vegas Grand Prix,2024,22,42.0,97.2227,97.19145137023948,97.09127237728676,97.20707669830333
STR,Aston Martin,Las Vegas Grand Prix,2024,22,43.0,97.190254,97.17061846284987,97.06217771906954,97.18043633713782
STR,Aston Martin,Las Vegas Grand Prix,2024,22,44.0,98.04853,97.85436133805932,97.75447204219303,97.95144595833631
STR,Aston Martin,Las Vegas Grand Prix,2024,22,45.0,97.54939,97.57883695413241,97.46103087655368,97.56411482716386
STR,Aston Martin,Las Vegas Grand Prix,2024,22,46.0,97.407074,97.27972516202072,97.18422811062419,97.34339956831505
STR,Aston Martin,Las Vegas Grand Prix,2024,22,47.0,97.15732,97.17536557322038,97.06431705086743,97.16634184422738
STR,Aston Martin,Las Vegas Grand Prix,2024,22,48.0,97.21032,97.1879276552378,97.08767981657391,97.19912358714038
STR,Aston Martin,Las Vegas Grand Prix,2024,22,49.0,97.32343,97.29466074041618,97.16594354581278,97.30904683138974
STR,Aston Martin,Las Vegas Grand Prix,2024,22,50.0,97.62007,97.74441045040405,97.59447973677084,97.68224093076843
TSU,RB,Las Vegas Grand Prix,2024,22,2.0,101.10524,100.49340161714609,100.50477382445494,100.79932074265508
TSU,RB,Las Vegas Grand Prix,2024,22,3.0,100.63129,99.65720616774907,99.74818447029746,100.1442463944214
TSU,RB,Las Vegas Grand Prix,2024,22,4.0,100.447426,99.43397848046985,99.54119849250316,99.9407021613775
TSU,RB,Las Vegas Grand Prix,2024,22,5.0,99.40353,99.528202555365,99.37415523544331,99.46586443075867
TSU,RB,Las Vegas Grand Prix,2024,22,6.0,99.30947,99.4049612763603,99.26510933655496,99.3572162033657
TSU,RB,Las Vegas Grand Prix,2024,22,7.0,99.59396,99.69194003219637,99.55647844742721,99.64295182762163
TSU,RB,Las Vegas Grand Prix,2024,22,8.0,100.01032,99.86319130691976,99.76097715948725,99.93675693886027
TSU,RB,Las Vegas Grand Prix,2024,22,12.0,98.1423,98.08952355731141,97.98377790825653,98.11591351205414
TSU,RB,Las Vegas Grand Prix,2024,22,13.0,98.17617,98.20328549634017,98.07484117170134,98.18972792273064
TSU,RB,Las Vegas Grand Prix,2024,22,14.0,98.99462,98.96410884335954,98.83592626613505,98.97936506010751
TSU,RB,Las Vegas Grand Prix,2024,22,17.0,98.89772,98.67236567794126,98.59087948995814,98.78504300742766
TSU,RB,Las Vegas Grand Prix,2024,22,18.0,99.05579,98.75391076630301,98.69883049891332,98.90485226425503
TSU,RB,Las Vegas Grand Prix,2024,22,19.0,98.468254,98.36446712966206,98.27262309984795,98.41636060950876
TSU,RB,Las Vegas Grand Prix,2024,22,20.0,98.3189,98.31999636898203,98.20169779917084,98.31944871549688
TSU,RB,Las Vegas Grand Prix,2024,22,21.0,98.45978,98.3751199258396,98.27527664219849,98.41744887893543
TSU,RB,Las Vegas Grand Prix,2024,22,22.0,98.6135,98.5126215162411,98.40950781116831,98.56306200934125
TSU,RB,Las Vegas Grand Prix,2024,22,23.0,98.806694,98.77402015447134,98.6488719003535,98.79035709261653
TSU,RB,Las Vegas Grand Prix,2024,22,24.0,99.612434,99.5321817028443,99.40176698437536,99.57230804502566
TSU,RB,Las Vegas Grand Prix,2024,22,25.0,99.34226,99.39463427781592,99.24126872463775,99.36844827294117
TSU,RB,Las Vegas Grand Prix,2024,22,26.0,99.24435,99.25585393191933,99.11739429958713,99.25010027528583
TSU,RB,Las Vegas Grand Prix,2024,22,27.0,98.98185,98.89136699080066,98.79456754889387,98.93660833060541
TSU,RB,Las Vegas Grand Prix,2024,22,28.0,98.96607,99.03607603830449,98.8956397297614,99.00107406041201
TSU,RB,Las Vegas Grand Prix,2024,22,31.0,98.54671,98.57249360488301,98.44072232343187,98.55960037910165
TSU,RB,Las Vegas Grand Prix,2024,22,32.0,98.30188,98.35570297480992,98.21656139254972,98.3287914288112
TSU,RB,Las Vegas Grand Prix,2024,22,33.0,98.1817,98.18789645403143,98.05797955834957,98.18479905709384
TSU,RB,Las Vegas Grand Prix,2024,22,34.0,98.18391,98.23494350590582,98.10560598104725,98.2094250305408
TSU,RB,Las Vegas Grand Prix,2024,22,35.0,98.14347,98.1861389240076,98.05936493332422,98.16480484408387
TSU,RB,Las Vegas Grand Prix,2024,22,36.0,98.279655,98.24770028581621,98.13547446162835,98.2636778711796
TSU,RB,Las Vegas Grand Prix,2024,22,37.0,97.78785,97.8146040528296,97.68964166777923,97.80122673954956
TSU,RB,Las Vegas Grand Prix,2024,22,38.0,98.0418,97.98587385927179,97.87819365778415,98.01383765595426
TSU,RB,Las Vegas Grand Prix,2024,22,39.0,97.62964,97.64126281481091,97.52744114383898,97.63545074334296
TSU,RB,Las Vegas Grand Prix,2024,22,40.0,97.68177,97.6038281029221,97.50087167973088,97.64279921381456
TSU,RB,Las Vegas Grand Prix,2024,22,41.0,97.9928,97.81443935330387,97.73506399474682,97.90361860243318
TSU,RB,Las Vegas Grand Prix,2024,22,42.0,97.66878,97.66024847058257,97.54929696970017,97.66451296820145
TSU,RB,Las Vegas Grand Prix,2024,22,43.0,97.61836,97.67164284939864,97.54803632789132,97.64500263807822
TSU,RB,Las Vegas Grand Prix,2024,22,44.0,97.77531,97.82331895969232,97.7134658620617,97.79931283067623
TSU,RB,Las Vegas Grand Prix,2024,22,45.0,97.48462,97.62042917825231,97.48010117582747,97.55252415943866
TSU,RB,Las Vegas Grand Prix,2024,22,46.0,97.3669,97.35059312462126,97.26532944908121,97.35874535381453
TSU,RB,Las Vegas Grand Prix,2024,22,47.0,97.12119,97.1728534712704,97.05902868805761,97.14702320169965
TSU,RB,Las Vegas Grand Prix,2024,22,48.0,96.96784,96.97117094390201,96.85560267768187,96.96950652297639
TSU,RB,Las Vegas Grand Prix,2024,22,49.0,97.09925,97.28960998705244,97.11673648404926,97.19443039025474
TSU,RB,Las Vegas Grand Prix,2024,22,50.0,97.47482,97.69105667558584,97.5309229346482,97.58293983681637
VER,Red Bull,Las Vegas Grand Prix,2024,22,2.0,100.88418,100.07558318940674,100.13178293276655,100.47988067551393
VER,Red Bull,Las Vegas Grand Prix,2024,22,3.0,100.55718,99.59956107701238,99.68001666508239,100.07837169451204
VER,Red Bull,Las Vegas Grand Prix,2024,22,4.0,100.056496,99.03476913181156,99.11399480741429,99.54563239915774
VER,Red Bull,Las Vegas Grand Prix,2024,22,5.0,98.73546,98.71078347440815,98.59762259556149,98.72312092421579
VER,Red Bull,Las Vegas Grand Prix,2024,22,6.0,98.53407,98.61211195967441,98.49621618918832,98.57309241782548
VER,Red Bull,Las Vegas Grand Prix,2024,22,7.0,98.67377,98.75866704153817,98.61976785699302,98.71621706569096
VER,Red Bull,Las Vegas Grand Prix,2024,22,8.0,99.23062,99.17413515117752,99.05703828721718,99.20237824453407
VER,Red Bull,Las Vegas Grand Prix,2024,22,9.0,99.67004,99.7600444274422,99.6347743844187,99.71504037168009
VER,Red Bull,Las Vegas Grand Prix,2024,22,10.0,100.045746,100.03630621904567,99.90226874289054,100.04102603432753
VER,Red Bull,Las Vegas Grand Prix,2024,22,13.0,98.25009,98.21122952549982,98.09205819427768,98.2306605391171
VER,Red Bull,Las Vegas Grand Prix,2024,22,14.0,98.25884,98.3062681503229,98.17129712469657,98.2825553092923
VER,Red Bull,Las Vegas Grand Prix,2024,22,15.0,98.47816,98.51126218462696,98.37647856306495,98.494709614042
VER,Red Bull,Las Vegas Grand Prix,2024,22,16.0,98.59179,98.54103370469686,98.4133837357223,98.56641147515117
VER,Red Bull,Las Vegas Grand Prix,2024,22,17.0,98.48734,98.39701490533493,98.27068943992369,98.44217886990378
VER,Red Bull,Las Vegas Grand Prix,2024,22,18.0,98.14383,97.98848343286201,97.89450068860589,98.06615638928257
VER,Red Bull,Las Vegas Grand Prix,2024,22,19.0,97.76692,97.83189769006897,97.69505268733153,97.79940984356963
VER,Red Bull,Las Vegas Grand Prix,2024,22,20.0,97.77232,97.77521917113097,97.63855288339788,97.7737713897647
VER,Red Bull,Las Vegas Grand Prix,2024,22,21.0,97.631744,97.56619507769325,97.45636075370145,97.59896973122943
VER,Red Bull,Las Vegas Grand Prix,2024,22,22.0,97.73531,97.59829673328201,97.48921645115449,97.66680507440468
VER,Red Bull,Las Vegas Grand Prix,2024,22,23.0,97.582535,97.49521160281692,97.38253608481614,97.538873196428
VER,Red Bull,Las Vegas Grand Prix,2024,22,24.0,97.600464,97.50428510279754,97.39352324952442,97.55237448499253
VER,Red Bull,Las Vegas Grand Prix,2024,22,25.0,97.93035,97.7680866194916,97.67959472684517,97.84921893840792
VER,Red Bull,Las Vegas Grand Prix,2024,22,26.0,98.298096,98.15144356030336,98.05816424412025,98.22476963171418
VER,Red Bull,Las Vegas Grand Prix,2024,22,29.0,97.27089,97.23614363037271,97.12432531174302,97.25351645629964
VER,Red Bull,Las Vegas Grand Prix,2024,22,30.0,97.41945,97.30266839595795,97.21462742026327,97.3610586242485
VER,Red Bull,Las Vegas Grand Prix,2024,22,31.0,97.666725,97.64694792645811,97.54165617815087,97.65683654257475
VER,Red Bull,Las Vegas Grand Prix,2024,22,32.0,97.753624,97.67420024806896,97.55098131829861,97.71391210523565
VER,Red Bull,Las Vegas Grand Prix,2024,22,33.0,97.73706,97.65816651416436,97.54430609619519,97.69761353051967
VER,Red Bull,Las Vegas Grand Prix,2024,22,34.0,97.55116,97.50777915573659,97.39723282529984,97.52947093773157
VER,Red Bull,Las Vegas Grand Prix,2024,22,35.0,97.21466,97.19048826497519,97.07655978111389,97.20257445475322
VER,Red Bull,Las Vegas Grand Prix,2024,22,36.0,97.10413,97.0869139097381,96.97512904375577,97.09552375784756
VER,Red Bull,Las Vegas Grand Prix,2024,22,37.0,96.96561,96.89933605501268,96.79314560408623,96.9324713722329
VER,Red Bull,Las Vegas Grand Prix,2024,22,38.0,96.796165,96.74445850826844,96.63423147662925,96.77031198728852
VER,Red Bull,Las Vegas Grand Prix,2024,22,39.0,96.4862,96.53427290479837,96.39885459167269,96.51023566504567
VER,Red Bull,Las Vegas Grand Prix,2024,22,40.0,96.522575,96.55764728272005,96.43615107891912,96.540111330569
VER,Red Bull,Las Vegas Grand Prix,2024,22,41.0,96.85591,96.89490846624425,96.79072300938164,96.87540986056354
VER,Red Bull,Las Vegas Grand Prix,2024,22,42.0,96.68494,96.5527973107813,96.46636365050097,96.6188669171094
VER,Red Bull,Las Vegas Grand Prix,2024,22,43.0,96.38881,96.36843072375777,96.2693506733178,96.37861996392967
VER,Red Bull,Las Vegas Grand Prix,2024,22,44.0,96.43357,96.44254438223504,96.33088592173883,96.43805762202572
VER,Red Bull,Las Vegas Grand Prix,2024,22,45.0,96.257286,96.11691453000633,96.02725700773419,96.18710030089184
VER,Red Bull,Las Vegas Grand Prix,2024,22,46.0,96.450096,96.46794992941786,96.36251644091784,96.45902302989447
VER,Red Bull,Las Vegas Grand Prix,2024,22,47.0,96.61217,96.63072543618202,96.52209434995113,96.62144639729023
VER,Red Bull,Las Vegas Grand Prix,2024,22,48.0,96.84123,96.83811020201873,96.71491381534318,96.8396712509117
VER,Red Bull,Las Vegas Grand Prix,2024,22,49.0,96.884,96.96123933543242,96.82000771455012,96.92262101048965
VER,Red Bull,Las Vegas Grand Prix,2024,22,50.0,97.17898,97.1495704288531,97.03345987867715,97.16427419758085
ZHO,Sauber,Las Vegas Grand Prix,2024,22,2.0,101.47276,100.66177982783712,100.67789726112943,101.06727144468027
ZHO,Sauber,Las Vegas Grand Prix,2024,22,3.0,100.710495,99.80834034203941,99.85204376918982,100.2594176685783
ZHO,Sauber,Las Vegas Grand Prix,2024,22,4.0,100.7433,99.8781253569457,99.91215947395337,100.31071337427363
ZHO,Sauber,Las Vegas Grand Prix,2024,22,5.0,99.50602,99.5889226151909,99.43018636541015,99.54747110373802
ZHO,Sauber,Las Vegas Grand Prix,2024,22,6.0,99.796715,99.7831427308032,99.62013668793642,99.78992875675902
ZHO,Sauber,Las Vegas Grand Prix,2024,22,7.0,100.10016,100.03990325478249,99.90722474857418,100.07003097309436
ZHO,Sauber,Las Vegas Grand Prix,2024,22,8.0,100.093376,100.022667482753,99.90965068696654,100.05802182121047
ZHO,Sauber,Las Vegas Grand Prix,2024,22,9.0,100.70293,100.72963815804854,100.56549493655614,100.71628239689537
ZHO,Sauber,Las Vegas Grand Prix,2024,22,10.0,101.268654,101.2389500951768,101.08492660668557,101.25380198240285
ZHO,Sauber,Las Vegas Grand Prix,2024,22,13.0,99.86934,99.83141597770238,99.72878630757339,99.85037748348009
ZHO,Sauber,Las Vegas Grand Prix,2024,22,14.0,99.56597,99.49985040727388,99.40636839413473,99.5329108908928
ZHO,Sauber,Las Vegas Grand Prix,2024,22,15.0,99.255615,99.2747958864729,99.15161326829042,99.26520556042395
ZHO,Sauber,Las Vegas Grand Prix,2024,22,16.0,99.24688,99.2306766169936,99.09062904712918,99.23877809731516
ZHO,Sauber,Las Vegas Grand Prix,2024,22,17.0,99.206856,99.20278757493499,99.07304425623163,99.20482167443038
ZHO,Sauber,Las Vegas Grand Prix,2024,22,18.0,99.10001,99.01525316014272,98.90471162215277,99.05763344652644
ZHO,Sauber,Las Vegas Grand Prix,2024,22,19.0,99.24772,99.0426564216147,98.94690698478786,99.14518761632493
ZHO,Sauber,Las Vegas Grand Prix,2024,22,20.0,98.90085,98.869870976027,98.75491660617787,98.88535968234945
ZHO,Sauber,Las Vegas Grand Prix,2024,22,21.0,99.00274,98.94881601441652,98.83602269477466,98.97577748352663
ZHO,Sauber,Las Vegas Grand Prix,2024,22,22.0,98.98028,98.75875100170028,98.66799966015355,98.86951450841849
ZHO,Sauber,Las Vegas Grand Prix,2024,22,23.0,99.520905,99.40083929056922,99.3061767144713,99.46087191579242
ZHO,Sauber,Las Vegas Grand Prix,2024,22,24.0,99.58468,99.48275950979537,99.3674205899631,99.53371907984885
ZHO,Sauber,Las Vegas Grand Prix,2024,22,25.0,99.75694,99.73210522549284,99.59102013581614,99.74452398725813
ZHO,Sauber,Las Vegas Grand Prix,2024,22,26.0,100.194305,99.89782935509952,99.8503239645321,100.0460673875107
ZHO,Sauber,Las Vegas Grand Prix,2024,22,27.0,100.11096,99.97026946516954,99.8507475073496,100.04061568961602
ZHO,Sauber,Las Vegas Grand Prix,2024,22,28.0,100.1678,100.02623432412342,99.90268671800285,100.09701761372187
ZHO,Sauber,Las Vegas Grand Prix,2024,22,29.0,99.653046,99.57078791302185,99.46940410395234,99.61191678365935
ZHO,Sauber,Las Vegas Grand Prix,2024,22,30.0,99.75625,99.5983160064441,99.50045156622139,99.6772822402826
ZHO,Sauber,Las Vegas Grand Prix,2024,22,31.0,99.7742,99.65710258137294,99.55039685982788,99.71565151041304
ZHO,Sauber,Las Vegas Grand Prix,2024,22,32.0,100.22414,100.01409903234745,99.91948402556258,100.11911769244325
ZHO,Sauber,Las Vegas Grand Prix,2024,22,33.0,99.99507,99.80198845707041,99.7123671428883,99.89852993410162
ZHO,Sauber,Las Vegas Grand Prix,2024,22,36.0,97.84262,97.80725670105284,97.68909854764894,97.8249387753311
ZHO,Sauber,Las Vegas Grand Prix,2024,22,37.0,97.60568,97.63998377137254,97.49699325326459,97.62283307220972
ZHO,Sauber,Las Vegas Grand Prix,2024,22,38.0,97.434326,97.42516277681611,97.29523275022775,97.42974447434555
ZHO,Sauber,Las Vegas Grand Prix,2024,22,39.0,97.16085,97.16192257512066,97.0352252836399,97.1613865500115
ZHO,Sauber,Las Vegas Grand Prix,2024,22,40.0,97.032486,97.21117124148157,97.0459709625749,97.12182860169781
ZHO,Sauber,Las Vegas Grand Prix,2024,22,41.0,97.0245,96.95872937135266,96.84946581250308,96.99161367859625
ZHO,Sauber,Las Vegas Grand Prix,2024,22,42.0,97.09186,96.99182157001819,96.8816022880892,97.04183974008723
ZHO,Sauber,Las Vegas Grand Prix,2024,22,43.0,97.031044,96.97736286968016,96.86091040655509,97.00420343801392
ZHO,Sauber,Las Vegas Grand Prix,2024,22,44.0,97.178925,97.14441255754143,97.01293420684323,97.16166855904416
ZHO,Sauber,Las Vegas Grand Prix,2024,22,45.0,96.758644,96.66258257572483,96.56377668504324,96.71061333986437
ZHO,Sauber,Las Vegas Grand Prix,2024,22,46.0,96.421005,96.43239399172197,96.30400862063014,96.4266996203727
ZHO,Sauber,Las Vegas Grand Prix,2024,22,47.0,96.40835,96.41923250841423,96.30765274533908,96.41379029595515
ZHO,Sauber,Las Vegas Grand Prix,2024,22,48.0,96.457054,96.42487198314979,96.32060230369467,96.44096306066669
ZHO,Sauber,Las Vegas Grand Prix,2024,22,49.0,96.623085,96.63059374602221,96.5074008754645,96.62683938399744
ZHO,Sauber,Las Vegas Grand Prix,2024,22,50.0,97.53873,97.84160645782913,97.70526316764708,97.69016663223488
