Driver,Team,EventName,Season,RoundNumber,LapNumber,predicted_laptime_xgb_s,predicted_laptime_lgb_s,predicted_laptime_stack_s,ensemble_laptime_s
VER,Red Bull,Australian Grand Prix,2026,1,43.0,82.07456,82.11648657685166,82.09655378504662,82.09552432480278
VER,Red Bull,Australian Grand Prix,2026,1,44.0,82.34918,82.33005935333208,82.32378204437883,82.33962074111916
VER,Red Bull,Australian Grand Prix,2026,1,45.0,82.37405,82.41646159114187,82.39717955589434,82.39525395841272
NOR,McLaren,Australian Grand Prix,2026,1,53.0,82.48172,82.50378546990581,82.48909607635917,82.49275272030447
HAM,Ferrari,Australian Grand Prix,2026,1,56.0,82.49459,82.47602364820548,82.46999490546733,82.48530720374141
ANT,Mercedes,Australian Grand Prix,2026,1,53.0,82.50572,82.54071169926709,82.52333840959116,82.52321687258276
HAM,Ferrari,Australian Grand Prix,2026,1,40.0,82.51135,82.54380359005916,82.52698355836077,82.52757806456083
HAM,Ferrari,Australian Grand Prix,2026,1,42.0,82.53246,82.60032038170236,82.57603516193869,82.56639172771642
ANT,Mercedes,Australian Grand Prix,2026,1,58.0,82.53511,82.55123071267091,82.53793836793393,82.54317059315187
HAM,Ferrari,Australian Grand Prix,2026,1,43.0,82.570885,82.63511559318964,82.61169728886031,82.60300014888975
HAM,Ferrari,Australian Grand Prix,2026,1,41.0,82.57582,82.48400338745633,82.4937339108403,82.52991215515394
ANT,Mercedes,Australian Grand Prix,2026,1,57.0,82.60031,82.60938190098571,82.597750884302,82.60484659014129
ANT,Mercedes,Australian Grand Prix,2026,1,52.0,82.60393,82.75024941248293,82.70948266316213,82.67708851239381
HAM,Ferrari,Australian Grand Prix,2026,1,57.0,82.61897,82.54706328025938,82.55267517682022,82.58301802928985
NOR,McLaren,Australian Grand Prix,2026,1,55.0,82.61913,82.5808908356324,82.57935398445835,82.60001191561894
VER,Red Bull,Australian Grand Prix,2026,1,46.0,82.62493,82.68217907509553,82.66037986597176,82.65355520527237
HAM,Ferrari,Australian Grand Prix,2026,1,39.0,82.62784,82.67703705264684,82.65695431283092,82.65243759370622
HAM,Ferrari,Australian Grand Prix,2026,1,55.0,82.661964,82.70629389585729,82.68733119449877,82.6841291561806
VER,Red Bull,Australian Grand Prix,2026,1,47.0,82.66726,82.6172701942099,82.6183490727778,82.64226470525924
NOR,McLaren,Australian Grand Prix,2026,1,54.0,82.70022,82.59506389720781,82.6079400330588,82.6476410489457
HAM,Ferrari,Australian Grand Prix,2026,1,45.0,82.7072,82.6432119334591,82.64736395676846,82.6752055150694
ANT,Mercedes,Australian Grand Prix,2026,1,23.0,82.707634,82.72345487247141,82.71066100487208,82.71554442231968
VER,Red Bull,Australian Grand Prix,2026,1,52.0,82.708534,82.85056946454839,82.8109766582735,82.77955185263552
NOR,McLaren,Australian Grand Prix,2026,1,51.0,82.71925,82.77216661395559,82.75152563355728,82.74571007699733
HAM,Ferrari,Australian Grand Prix,2026,1,47.0,82.72054,82.76516806451545,82.74629024718419,82.74285548611515
RUS,Mercedes,Australian Grand Prix,2026,1,21.0,82.725105,82.77316703296218,82.75357096789241,82.74913615930336
NOR,McLaren,Australian Grand Prix,2026,1,52.0,82.72677,82.77295829194678,82.75376392204012,82.74986339279957
LEC,Ferrari,Australian Grand Prix,2026,1,39.0,82.746765,82.73667603371287,82.72948271802723,82.7417205852158
ANT,Mercedes,Australian Grand Prix,2026,1,56.0,82.75332,82.82492395988893,82.80039964683037,82.78912137325501
HAM,Ferrari,Australian Grand Prix,2026,1,58.0,82.77306,82.71972906920654,82.72178509034659,82.74639636443726
VER,Red Bull,Australian Grand Prix,2026,1,51.0,82.78179,82.82833568694656,82.80920481111148,82.80506368697914
NOR,McLaren,Australian Grand Prix,2026,1,47.0,82.78695,82.7803585091087,82.77252360748588,82.78365383341176
RUS,Mercedes,Australian Grand Prix,2026,1,22.0,82.78756,82.79959033993747,82.78780276534758,82.79357492460741
NOR,McLaren,Australian Grand Prix,2026,1,49.0,82.78811,82.80832281377886,82.79479895663361,82.79821581973123
NOR,McLaren,Australian Grand Prix,2026,1,50.0,82.79054,82.81144224464813,82.79777892635909,82.8009924235936
ANT,Mercedes,Australian Grand Prix,2026,1,40.0,82.79086,82.77701733770037,82.77073288940134,82.78394018740488
RUS,Mercedes,Australian Grand Prix,2026,1,17.0,82.79352,82.7853550597178,82.77787060283259,82.78943656306203
HAM,Ferrari,Australian Grand Prix,2026,1,48.0,82.805916,82.83864684852288,82.82250993009495,82.82228134052122
LEC,Ferrari,Australian Grand Prix,2026,1,40.0,82.80889,82.74870553905994,82.75230670127145,82.77879841772332
ANT,Mercedes,Australian Grand Prix,2026,1,54.0,82.81071,82.74689208425029,82.75126848367846,82.77879958826773
ANT,Mercedes,Australian Grand Prix,2026,1,22.0,82.81155,82.86494838464088,82.84443623019487,82.83824735516224
RUS,Mercedes,Australian Grand Prix,2026,1,36.0,82.81308,82.94431796762044,82.90728143733084,82.8786989008024
HAM,Ferrari,Australian Grand Prix,2026,1,44.0,82.81396,82.6794667871715,82.69885907915729,82.7467120007635
RUS,Mercedes,Australian Grand Prix,2026,1,39.0,82.81726,82.77827306933011,82.77739398455267,82.7977669057588
ANT,Mercedes,Australian Grand Prix,2026,1,55.0,82.81758,82.85391197104396,82.83704005830481,82.83574657390088
RUS,Mercedes,Australian Grand Prix,2026,1,16.0,82.82255,82.81536000220606,82.8077416679146,82.81895395740186
ANT,Mercedes,Australian Grand Prix,2026,1,42.0,82.82338,82.79991263076504,82.79575318125961,82.8116460736833
RUS,Mercedes,Australian Grand Prix,2026,1,15.0,82.82721,82.79299220549315,82.79112522001357,82.81010083907469
HAM,Ferrari,Australian Grand Prix,2026,1,54.0,82.82856,82.83456404144694,82.82415956743414,82.8315619584676
RUS,Mercedes,Australian Grand Prix,2026,1,38.0,82.83203,82.7939450031365,82.79291173832047,82.81298812656826
LEC,Ferrari,Australian Grand Prix,2026,1,43.0,82.832115,82.81618771168667,82.81044931122337,82.82415144251326
HAM,Ferrari,Australian Grand Prix,2026,1,49.0,82.83359,82.8267064146763,82.81905078817078,82.83014703058033
VER,Red Bull,Australian Grand Prix,2026,1,50.0,82.83394,82.82975312414874,82.82152594690574,82.83184586139078
ANT,Mercedes,Australian Grand Prix,2026,1,51.0,82.83645,82.84484207427803,82.83395013984116,82.84064537185581
RUS,Mercedes,Australian Grand Prix,2026,1,37.0,82.838104,82.81744324815058,82.81272509722717,82.82777374809874
NOR,McLaren,Australian Grand Prix,2026,1,56.0,82.844406,82.84457532854366,82.8354498374988,82.84449072823668
RUS,Mercedes,Australian Grand Prix,2026,1,56.0,82.84499,82.83330527401023,82.82669916992477,82.83914943265941
NOR,McLaren,Australian Grand Prix,2026,1,48.0,82.849396,82.90869889777716,82.8870290808029,82.87904732486514
LEC,Ferrari,Australian Grand Prix,2026,1,41.0,82.85029,82.88724738286369,82.87032452583318,82.86876788698848
ANT,Mercedes,Australian Grand Prix,2026,1,30.0,82.853874,82.88672082875533,82.87068025971298,82.87029751764915
ANT,Mercedes,Australian Grand Prix,2026,1,41.0,82.85519,82.7710145833124,82.77982582703181,82.81310052285737
VER,Red Bull,Australian Grand Prix,2026,1,53.0,82.863594,82.91174854469031,82.89248190166933,82.88767129993305
ANT,Mercedes,Australian Grand Prix,2026,1,38.0,82.86809,82.8795226919673,82.86806465961115,82.87380523026098
RUS,Mercedes,Australian Grand Prix,2026,1,23.0,82.86965,82.85159361215861,82.84640228926489,82.8606227032961
HAM,Ferrari,Australian Grand Prix,2026,1,38.0,82.87118,82.90750149622372,82.89076617494543,82.88933958478178
ANT,Mercedes,Australian Grand Prix,2026,1,31.0,82.88231,82.91460522166919,82.89875320093014,82.89845709081507
ANT,Mercedes,Australian Grand Prix,2026,1,39.0,82.890274,82.91523708867089,82.9009623330922,82.90275556826123
LEC,Ferrari,Australian Grand Prix,2026,1,42.0,82.89988,82.91733401531006,82.90467787590514,82.90860673543824
HAM,Ferrari,Australian Grand Prix,2026,1,46.0,82.90317,82.74701639210569,82.77123319836933,82.82509205835754
LEC,Ferrari,Australian Grand Prix,2026,1,32.0,82.916,82.99962845439167,82.97296121685868,82.9578144103013
ANT,Mercedes,Australian Grand Prix,2026,1,24.0,82.93211,82.88893133132926,82.88923249768395,82.9105224893951
RUS,Mercedes,Australian Grand Prix,2026,1,51.0,82.93753,82.94561208419125,82.93504118426677,82.94157130088469
LEC,Ferrari,Australian Grand Prix,2026,1,55.0,82.94011,82.95563463608221,82.94348956622905,82.94787194450595
LEC,Ferrari,Australian Grand Prix,2026,1,48.0,82.94099,82.93594111792426,82.92816642440235,82.93846387561251
RUS,Mercedes,Australian Grand Prix,2026,1,44.0,82.94272,82.8955552467964,82.89672848738525,82.91913687632788
HAM,Ferrari,Australian Grand Prix,2026,1,51.0,82.945435,82.94337800893099,82.93497983336172,82.94440628962175
LEC,Ferrari,Australian Grand Prix,2026,1,44.0,82.94555,82.93272068842174,82.9266101504532,82.9391348498261
ANT,Mercedes,Australian Grand Prix,2026,1,43.0,82.94633,82.93146596452418,82.92578907282936,82.93889658699842
ANT,Mercedes,Australian Grand Prix,2026,1,29.0,82.95317,82.99932232230283,82.98070681139956,82.976246549335
ANT,Mercedes,Australian Grand Prix,2026,1,21.0,82.95815,83.00104448924789,82.98313375141544,82.97959863012198
HAM,Ferrari,Australian Grand Prix,2026,1,53.0,82.95856,82.94227980287064,82.93693444180309,82.95041846588845
RUS,Mercedes,Australian Grand Prix,2026,1,55.0,82.96122,82.91609298957188,82.91688043394575,82.93865638858477
RUS,Mercedes,Australian Grand Prix,2026,1,40.0,82.9651,82.84428251925884,82.86115309647592,82.90469283433646
LEC,Ferrari,Australian Grand Prix,2026,1,56.0,82.96875,82.95482417103537,82.94900517223257,82.96178708551768
LEC,Ferrari,Australian Grand Prix,2026,1,38.0,82.97097,82.99559885464008,82.98159852144735,82.98328450422434
RUS,Mercedes,Australian Grand Prix,2026,1,49.0,82.97861,83.00374999954593,82.989659746537,82.99117858864015
ANT,Mercedes,Australian Grand Prix,2026,1,50.0,82.982056,83.03365175137723,83.01395292526595,83.00785370771987
ANT,Mercedes,Australian Grand Prix,2026,1,36.0,82.98475,83.05784587141017,83.03358817783109,83.0212973558711
VER,Red Bull,Australian Grand Prix,2026,1,48.0,82.98557,82.92060735289623,82.92566886556982,82.95309008391882
LEC,Ferrari,Australian Grand Prix,2026,1,31.0,82.98984,82.99914768871207,82.98844778666381,82.99449266759822
ANT,Mercedes,Australian Grand Prix,2026,1,37.0,82.9918,83.00088799938696,82.99023985071261,82.99634320013294
NOR,McLaren,Australian Grand Prix,2026,1,45.0,82.998665,83.06686625247417,83.04368321205057,83.0327655542156
VER,Red Bull,Australian Grand Prix,2026,1,49.0,83.008995,82.90156470464696,82.91570254585469,82.95527988039964
LEC,Ferrari,Australian Grand Prix,2026,1,30.0,83.019325,83.01239990779285,83.00522187423039,83.01586258207026
ANT,Mercedes,Australian Grand Prix,2026,1,26.0,83.02128,82.9971771258089,82.9936512648137,83.00922775357827
RUS,Mercedes,Australian Grand Prix,2026,1,57.0,83.02234,82.95629592593717,82.96167892120953,82.98931739656234
ANT,Mercedes,Australian Grand Prix,2026,1,48.0,83.02323,83.08613755581266,83.06414089533945,83.05468453108016
LEC,Ferrari,Australian Grand Prix,2026,1,29.0,83.03736,83.08957341205462,83.06988316142429,83.06346727853708
ANT,Mercedes,Australian Grand Prix,2026,1,33.0,83.051315,83.04800320010933,83.0401385499,83.04965925386327
ANT,Mercedes,Australian Grand Prix,2026,1,32.0,83.05863,83.01191877986372,83.01328863966124,83.03527533841819
LEC,Ferrari,Australian Grand Prix,2026,1,53.0,83.06444,83.07703675578793,83.06582653679087,83.07073731099943
NOR,McLaren,Australian Grand Prix,2026,1,46.0,83.06903,83.02837182034868,83.02848230971962,83.04870129103372
LEC,Ferrari,Australian Grand Prix,2026,1,46.0,83.07082,83.04961882803482,83.04560282119259,83.06022124873421
ANT,Mercedes,Australian Grand Prix,2026,1,28.0,83.08107,83.10402011830101,83.09065376528346,83.09254503229504
COL,Alpine,Australian Grand Prix,2026,1,48.0,83.0934,83.01043446119648,83.01958984898927,83.05191675452403
LEC,Ferrari,Australian Grand Prix,2026,1,47.0,83.094604,83.02085240720899,83.02805458851623,83.05772844969825
ANT,Mercedes,Australian Grand Prix,2026,1,44.0,83.09841,83.0603379428839,83.0599735128147,83.07937475147125
LEC,Ferrari,Australian Grand Prix,2026,1,57.0,83.10058,83.0403760529512,83.04471603056597,83.07047718052834
LEC,Ferrari,Australian Grand Prix,2026,1,28.0,83.10301,83.11484252458399,83.10389272500873,83.10892730477246
RUS,Mercedes,Australian Grand Prix,2026,1,50.0,83.103325,83.06409911153078,83.0639917252447,83.08371200083374
LEC,Ferrari,Australian Grand Prix,2026,1,54.0,83.1148,83.12615329930634,83.11533442750192,83.12047639940903
HAM,Ferrari,Australian Grand Prix,2026,1,50.0,83.11523,83.13232375245882,83.12028640603583,83.12377524903215
LEC,Ferrari,Australian Grand Prix,2026,1,45.0,83.116035,83.06935252191224,83.07086068191562,83.09269399166901
LEC,Ferrari,Australian Grand Prix,2026,1,33.0,83.12312,83.06504703248494,83.06899236880369,83.09408510071512
LEC,Ferrari,Australian Grand Prix,2026,1,37.0,83.12485,83.12333045343881,83.11526997577946,83.1240889327741
RUS,Mercedes,Australian Grand Prix,2026,1,42.0,83.13028,83.04050930427468,83.05120282193619,83.08539442264515
VER,Red Bull,Australian Grand Prix,2026,1,54.0,83.132095,83.10447775197595,83.10197793012692,83.118286544445
RUS,Mercedes,Australian Grand Prix,2026,1,41.0,83.1445,82.98429646764356,83.00998227613852,83.06439860003272
ANT,Mercedes,Australian Grand Prix,2026,1,47.0,83.14918,83.16629075995574,83.15433555951981,83.15773415561264
LEC,Ferrari,Australian Grand Prix,2026,1,27.0,83.149284,83.09535670345646,83.0984870735245,83.12232053312471
LEC,Ferrari,Australian Grand Prix,2026,1,52.0,83.15246,83.12899416095372,83.12566367758657,83.14072617593584
RUS,Mercedes,Australian Grand Prix,2026,1,27.0,83.15247,83.0712173424278,83.08015886041264,83.11184539606742
RUS,Mercedes,Australian Grand Prix,2026,1,25.0,83.157234,83.15354198286495,83.14602505631662,83.15538808737975
ANT,Mercedes,Australian Grand Prix,2026,1,45.0,83.170975,83.1376884121368,83.13649033875762,83.15433157179106
ANT,Mercedes,Australian Grand Prix,2026,1,49.0,83.17644,83.17896143345222,83.17017291219979,83.17769940569096
ANT,Mercedes,Australian Grand Prix,2026,1,46.0,83.17758,83.11220888494911,83.1178409505635,83.14489533602924
RUS,Mercedes,Australian Grand Prix,2026,1,43.0,83.18697,83.07266253781222,83.08871013498225,83.12981805479478
RUS,Mercedes,Australian Grand Prix,2026,1,53.0,83.19753,83.17790454400797,83.17387314321476,83.18771859890828
ANT,Mercedes,Australian Grand Prix,2026,1,27.0,83.200775,83.20562498697264,83.19640394566053,83.2032000667285
HAM,Ferrari,Australian Grand Prix,2026,1,31.0,83.21418,83.22385651931174,83.21364433882576,83.21901825599376
COL,Alpine,Australian Grand Prix,2026,1,49.0,83.21826,83.24149516636729,83.22841450664568,83.22987844255864
VER,Red Bull,Australian Grand Prix,2026,1,56.0,83.21918,83.19631087641262,83.19302167348457,83.20774406125318
RUS,Mercedes,Australian Grand Prix,2026,1,26.0,83.22065,83.2706556420049,83.25189595266016,83.24565268062159
HAM,Ferrari,Australian Grand Prix,2026,1,37.0,83.22135,83.21519230374942,83.20836089355578,83.21827196364228
NOR,McLaren,Australian Grand Prix,2026,1,58.0,83.23044,83.24178474373252,83.23125893264381,83.2361114880772
RUS,Mercedes,Australian Grand Prix,2026,1,52.0,83.237686,83.09702737258107,83.1187976714584,83.16735676490381
HAM,Ferrari,Australian Grand Prix,2026,1,52.0,83.25179,83.07966798001831,83.10815557541912,83.16573044386658
ANT,Mercedes,Australian Grand Prix,2026,1,35.0,83.25338,83.21513236685871,83.21519550929548,83.23425609431803
LEC,Ferrari,Australian Grand Prix,2026,1,51.0,83.254776,83.29450917104054,83.2780168966466,83.27464258600855
NOR,McLaren,Australian Grand Prix,2026,1,44.0,83.258865,83.26749877510498,83.25762074234493,83.26318206577514
NOR,McLaren,Australian Grand Prix,2026,1,57.0,83.26137,83.17675558351698,83.18668427125519,83.21906169068427
HAM,Ferrari,Australian Grand Prix,2026,1,32.0,83.27252,83.26491170261171,83.25851739211201,83.26871683763397
VER,Red Bull,Australian Grand Prix,2026,1,55.0,83.27522,83.22432265986944,83.22712761874914,83.24977271909488
HAM,Ferrari,Australian Grand Prix,2026,1,35.0,83.29027,83.26743136089472,83.26431504509398,83.27884965261532
ANT,Mercedes,Australian Grand Prix,2026,1,17.0,83.292984,83.26024684968128,83.25923973638783,83.27661542923516
RUS,Mercedes,Australian Grand Prix,2026,1,54.0,83.29492,83.21770295449458,83.22614628620454,83.2563124147473
RUS,Mercedes,Australian Grand Prix,2026,1,24.0,83.30507,83.213864979876,83.22530357611214,83.25946697480128
LEC,Ferrari,Australian Grand Prix,2026,1,58.0,83.364296,83.26089172095553,83.2750703059824,83.31259384021409
HAM,Ferrari,Australian Grand Prix,2026,1,36.0,83.3721,83.28250740466959,83.29377298293322,83.32730411737386
LEC,Ferrari,Australian Grand Prix,2026,1,50.0,83.372505,83.33531527048953,83.33545415069925,83.3539102292389
RUS,Mercedes,Australian Grand Prix,2026,1,31.0,83.38794,83.3441328059974,83.34571563574542,83.3660361295612
NOR,McLaren,Australian Grand Prix,2026,1,36.0,83.395226,83.35018149046748,83.35204544287214,83.37270350768492
ANT,Mercedes,Australian Grand Prix,2026,1,15.0,83.39903,83.35086101228565,83.35339868631341,83.37494680252954
LEC,Ferrari,Australian Grand Prix,2026,1,49.0,83.40689,83.24271300960895,83.26990405606364,83.3248019393748
BOR,Audi,Australian Grand Prix,2026,1,46.0,83.4144,83.52755151016204,83.495871092979,83.4709748517607
NOR,McLaren,Australian Grand Prix,2026,1,26.0,83.4248,83.42141914641002,83.41450997754743,83.42310810225774
RUS,Mercedes,Australian Grand Prix,2026,1,58.0,83.44244,83.34835693797403,83.36075238126557,83.39539657811787
LEC,Ferrari,Australian Grand Prix,2026,1,21.0,83.45472,83.46178303375882,83.45273209798245,83.45825128860793
BOR,Audi,Australian Grand Prix,2026,1,45.0,83.45779,83.57070399973662,83.53918304779586,83.51424527989761
NOR,McLaren,Australian Grand Prix,2026,1,24.0,83.46214,83.45619121194467,83.44992273071357,83.4591670781403
RUS,Mercedes,Australian Grand Prix,2026,1,47.0,83.46508,83.4947073427241,83.48089121875736,83.47989380197728
RUS,Mercedes,Australian Grand Prix,2026,1,48.0,83.46559,83.41394965590177,83.41739200239024,83.43977054328292
RUS,Mercedes,Australian Grand Prix,2026,1,29.0,83.47025,83.4852330933675,83.47454024844501,83.47774304204508
RUS,Mercedes,Australian Grand Prix,2026,1,35.0,83.47305,83.49286568449594,83.48115371017596,83.48295933150578
VER,Red Bull,Australian Grand Prix,2026,1,57.0,83.477715,83.42298041021606,83.42710996918028,83.45034747439513
RUS,Mercedes,Australian Grand Prix,2026,1,28.0,83.48018,83.46987276063423,83.46457437614978,83.47502579682103
RUS,Mercedes,Australian Grand Prix,2026,1,30.0,83.48346,83.52780589257334,83.51091049619295,83.50563268261479
RUS,Mercedes,Australian Grand Prix,2026,1,45.0,83.488266,83.40571106946433,83.41577488407322,83.44698853033763
VER,Red Bull,Australian Grand Prix,2026,1,24.0,83.50362,83.50077030681192,83.49394688882911,83.50219331990986
NOR,McLaren,Australian Grand Prix,2026,1,42.0,83.50605,83.5354306840443,83.52177018577773,83.52074039695378
HAM,Ferrari,Australian Grand Prix,2026,1,30.0,83.511665,83.51082217963092,83.50359375109892,83.5112437619346
RUS,Mercedes,Australian Grand Prix,2026,1,32.0,83.51331,83.46346091286445,83.46664358899545,83.48838710316073
NOR,McLaren,Australian Grand Prix,2026,1,43.0,83.51697,83.52124232946447,83.51294053617835,83.51910505145099
NOR,McLaren,Australian Grand Prix,2026,1,38.0,83.51943,83.4771198845613,83.47871684868537,83.4982759762162
VER,Red Bull,Australian Grand Prix,2026,1,30.0,83.53051,83.45972495212277,83.46739595330502,83.49511745042662
NOR,McLaren,Australian Grand Prix,2026,1,37.0,83.53793,83.49389777379425,83.49590733458477,83.5159155617018
LEC,Ferrari,Australian Grand Prix,2026,1,23.0,83.54479,83.42928002489136,83.44648469819633,83.48703610009215
VER,Red Bull,Australian Grand Prix,2026,1,22.0,83.54988,83.53472996429507,83.53063610009991,83.5423054728702
NOR,McLaren,Australian Grand Prix,2026,1,25.0,83.56432,83.46200913575687,83.4764605217118,83.51316628052493
VER,Red Bull,Australian Grand Prix,2026,1,26.0,83.57888,83.49934467591957,83.50899578358128,83.53911249298909
VER,Red Bull,Australian Grand Prix,2026,1,31.0,83.58276,83.53108057793398,83.53482707725983,83.55692212490449
HAM,Ferrari,Australian Grand Prix,2026,1,23.0,83.585335,83.50995686277332,83.51874136310983,83.54764582030268
VER,Red Bull,Australian Grand Prix,2026,1,28.0,83.58643,83.5532640017391,83.55308843025017,83.5698487061918
VER,Red Bull,Australian Grand Prix,2026,1,23.0,83.59355,83.55274680156278,83.55421053251773,83.57314921865247
VER,Red Bull,Australian Grand Prix,2026,1,21.0,83.59744,83.59745660111456,83.59026239737292,83.59744961403385
RUS,Mercedes,Australian Grand Prix,2026,1,46.0,83.59867,83.57976642646304,83.57659260374292,83.58921869296785
NOR,McLaren,Australian Grand Prix,2026,1,40.0,83.60367,83.51345591596422,83.52543666652542,83.55856206442742
HAM,Ferrari,Australian Grand Prix,2026,1,16.0,83.62905,83.69064309498502,83.67045270028856,83.65984715174056
NOR,McLaren,Australian Grand Prix,2026,1,23.0,83.64649,83.67076129862829,83.65854020350001,83.65862665151141
HAM,Ferrari,Australian Grand Prix,2026,1,21.0,83.65071,83.65238054806382,83.64496908523688,83.65154580381707
COL,Alpine,Australian Grand Prix,2026,1,50.0,83.67087,83.63675344130233,83.63699140282439,83.65381068061211
VER,Red Bull,Australian Grand Prix,2026,1,25.0,83.6762,83.57196590397008,83.58710716994902,83.62408338533464
NOR,McLaren,Australian Grand Prix,2026,1,41.0,83.67792,83.58343979752517,83.59651346373263,83.63067863899695
VER,Red Bull,Australian Grand Prix,2026,1,58.0,83.69112,83.66821530458878,83.66612316991474,83.6796658187983
VER,Red Bull,Australian Grand Prix,2026,1,20.0,83.69687,83.58860663134293,83.6046551840356,83.64273776391366
SAI,Williams,Australian Grand Prix,2026,1,52.0,83.70193,83.75398195758935,83.73600045119483,83.72795457132398
LEC,Ferrari,Australian Grand Prix,2026,1,16.0,83.70274,83.71418296450854,83.70482805329473,83.708463247391
LEC,Ferrari,Australian Grand Prix,2026,1,24.0,83.70393,83.5042052718272,83.53969418489174,83.60406949382376
VER,Red Bull,Australian Grand Prix,2026,1,27.0,83.71245,83.67294967756396,83.67443572590967,83.69269889884058
VER,Red Bull,Australian Grand Prix,2026,1,29.0,83.714676,83.63501880389467,83.64503803066671,83.67484735360749
LEC,Ferrari,Australian Grand Prix,2026,1,22.0,83.73139,83.71241617860248,83.70959204942707,83.72190404267039
NOR,McLaren,Australian Grand Prix,2026,1,27.0,83.76621,83.68843554654312,83.69818544077569,83.72732400496102
BOR,Audi,Australian Grand Prix,2026,1,47.0,83.77578,83.7577474842374,83.75483490534593,83.76676360417925
HAM,Ferrari,Australian Grand Prix,2026,1,22.0,83.78168,83.753872026756,83.75304957584227,83.76777463642487
VER,Red Bull,Australian Grand Prix,2026,1,32.0,83.79041,83.58842034247208,83.62460803830457,83.68941662265206
BOR,Audi,Australian Grand Prix,2026,1,44.0,83.79444,83.73416565864311,83.74027035837159,83.76430344089383
HAM,Ferrari,Australian Grand Prix,2026,1,17.0,83.79818,83.70900279776168,83.7212540126807,83.75359121211326
BOR,Audi,Australian Grand Prix,2026,1,36.0,83.808464,83.84147552925192,83.82780637355829,83.82496978977244
ANT,Mercedes,Australian Grand Prix,2026,1,8.0,83.80847,83.85308374576464,83.83695126171048,83.83077771272607
LEC,Ferrari,Australian Grand Prix,2026,1,11.0,83.84059,83.90373586946184,83.88374906579799,83.87216365006296
HAM,Ferrari,Australian Grand Prix,2026,1,27.0,83.84333,83.8315732605072,83.82749846863562,83.83745182190398
BOR,Audi,Australian Grand Prix,2026,1,37.0,83.84544,83.83960843485323,83.83428148838524,83.84252608021959
VER,Red Bull,Australian Grand Prix,2026,1,39.0,83.854225,83.82197708302195,83.82228094407232,83.83810112085668
SAI,Williams,Australian Grand Prix,2026,1,51.0,83.86606,83.86164296368436,83.85606647225856,83.86385065664686
SAI,Williams,Australian Grand Prix,2026,1,50.0,83.87276,83.84544501368346,83.84474741972933,83.85910098584563
BOR,Audi,Australian Grand Prix,2026,1,43.0,83.87643,84.00271498700815,83.96941012525119,83.93957084189275
RUS,Mercedes,Australian Grand Prix,2026,1,33.0,83.88054,83.81873598733239,83.82538206639671,83.84963746388104
HAM,Ferrari,Australian Grand Prix,2026,1,25.0,83.8879,83.91545987356398,83.9031488791374,83.90168058985816
VER,Red Bull,Australian Grand Prix,2026,1,37.0,83.90707,83.9223905337274,83.91272578359187,83.91472843947112
NOR,McLaren,Australian Grand Prix,2026,1,15.0,83.92496,84.01002237947415,83.98559346998803,83.96748982743239
BOR,Audi,Australian Grand Prix,2026,1,35.0,83.929665,84.00915673114292,83.98592309385381,83.96941067147966
ANT,Mercedes,Australian Grand Prix,2026,1,9.0,83.93474,83.8347049636212,83.84960574297446,83.88472156140045
SAI,Williams,Australian Grand Prix,2026,1,55.0,83.94425,84.00618316903147,83.9867153197113,83.97521759159582
HAM,Ferrari,Australian Grand Prix,2026,1,15.0,83.94991,83.94198533368969,83.93736605784258,83.94594917929601
NOR,McLaren,Australian Grand Prix,2026,1,22.0,83.96746,83.97863312009021,83.97000221795501,83.9730468762072
VER,Red Bull,Australian Grand Prix,2026,1,33.0,83.97981,83.93968541700336,83.9419789787237,83.95974901953684
NOR,McLaren,Australian Grand Prix,2026,1,16.0,83.98807,84.0351199738965,84.01892204641102,84.0115938004248
NOR,McLaren,Australian Grand Prix,2026,1,28.0,83.988655,83.95869434753136,83.95885138441477,83.9736747189317
ANT,Mercedes,Australian Grand Prix,2026,1,7.0,83.99117,84.06074049689401,84.03976933259439,84.02595664371069
ANT,Mercedes,Australian Grand Prix,2026,1,10.0,83.992584,83.9675842215938,83.96669776701255,83.98008422505471
VER,Red Bull,Australian Grand Prix,2026,1,38.0,84.00491,83.9427389983151,83.9497774731492,83.97382616419661
LAW,Racing Bulls,Australian Grand Prix,2026,1,49.0,84.005165,84.12776517102341,84.09556802676121,84.06646513556053
NOR,McLaren,Australian Grand Prix,2026,1,17.0,84.005196,84.05021131113416,84.03448903836126,84.02770346440496
LEC,Ferrari,Australian Grand Prix,2026,1,15.0,84.00651,83.87659236380514,83.89801948092233,83.94155011867015
VER,Red Bull,Australian Grand Prix,2026,1,36.0,84.0213,83.92974175751567,83.94306139371116,83.97552151352346
SAI,Williams,Australian Grand Prix,2026,1,54.0,84.03563,84.10929160594677,84.08756303076132,84.07246043920385
NOR,McLaren,Australian Grand Prix,2026,1,21.0,84.04445,83.99199534995512,83.99706930266107,84.01822210124709
HAM,Ferrari,Australian Grand Prix,2026,1,24.0,84.061295,84.03530144906355,84.03479908750073,84.04829800236381
LAW,Racing Bulls,Australian Grand Prix,2026,1,42.0,84.07705,83.96580098238532,83.98344199882095,84.0214251188782
COL,Alpine,Australian Grand Prix,2026,1,56.0,84.08003,84.07061250919058,84.06663810331952,84.0753224289117
LEC,Ferrari,Australian Grand Prix,2026,1,17.0,84.08849,84.06802084884129,84.06641476903815,84.07825709800463
ANT,Mercedes,Australian Grand Prix,2026,1,6.0,84.10026,84.21003634549334,84.18080154562392,84.15514710951425
NOR,McLaren,Australian Grand Prix,2026,1,29.0,84.11636,84.01388771694775,84.0297650357003,84.06512562116919
NOR,McLaren,Australian Grand Prix,2026,1,32.0,84.12544,84.20592676657009,84.18297598640821,84.16568463572645
LAW,Racing Bulls,Australian Grand Prix,2026,1,40.0,84.12944,84.22481148535958,84.19870959419761,84.17712589648838
NOR,McLaren,Australian Grand Prix,2026,1,30.0,84.13354,84.0432589168506,84.05658944298682,84.08839810466554
LAW,Racing Bulls,Australian Grand Prix,2026,1,50.0,84.13597,84.19440708994897,84.17616472470101,84.16518907964246
ANT,Mercedes,Australian Grand Prix,2026,1,11.0,84.13641,84.04606002285139,84.05941376311756,84.09123679853508
LAW,Racing Bulls,Australian Grand Prix,2026,1,41.0,84.14143,84.10119036027537,84.1039160158819,84.12131203804785
LEC,Ferrari,Australian Grand Prix,2026,1,7.0,84.14675,84.21211778971433,84.19243095963365,84.17943459676147
LAW,Racing Bulls,Australian Grand Prix,2026,1,47.0,84.153366,84.11561198376819,84.11783913525127,84.13448903631769
COL,Alpine,Australian Grand Prix,2026,1,55.0,84.15578,84.26536757081611,84.23631262418016,84.2105722741776
BOR,Audi,Australian Grand Prix,2026,1,32.0,84.15782,84.14835243678517,84.14458461502096,84.1530870460293
HAM,Ferrari,Australian Grand Prix,2026,1,26.0,84.1798,84.17455858809389,84.16994882724191,84.17718026450592
BOR,Audi,Australian Grand Prix,2026,1,42.0,84.203926,84.27879783582739,84.25723670352701,84.24136196112659
LEC,Ferrari,Australian Grand Prix,2026,1,5.0,84.20994,84.1110485313878,84.12640020430263,84.1604932903521
RUS,Mercedes,Australian Grand Prix,2026,1,7.0,84.22706,84.25324792660749,84.2420826251113,84.24015316862601
LAW,Racing Bulls,Australian Grand Prix,2026,1,43.0,84.22819,84.20893814298874,84.2074245003533,84.21856285201196
SAI,Williams,Australian Grand Prix,2026,1,49.0,84.22997,84.20495738372962,84.20467264124115,84.21746511154254
RUS,Mercedes,Australian Grand Prix,2026,1,5.0,84.23821,84.25304181307241,84.24431695098848,84.24562719926081
LAW,Racing Bulls,Australian Grand Prix,2026,1,48.0,84.2388,84.17252045330372,84.18102027148498,84.20566025106592
NOR,McLaren,Australian Grand Prix,2026,1,31.0,84.259094,84.13134572950057,84.1529494344349,84.19521998389091
LAW,Racing Bulls,Australian Grand Prix,2026,1,46.0,84.264244,84.22045188923529,84.22424072052304,84.24234798441256
LAW,Racing Bulls,Australian Grand Prix,2026,1,39.0,84.27963,84.2926965738962,84.28445096648105,84.28616457112778
LAW,Racing Bulls,Australian Grand Prix,2026,1,44.0,84.31958,84.15598350765202,84.18535191231128,84.23778179288851
BEA,Haas,Australian Grand Prix,2026,1,22.0,84.33358,84.44428735466894,84.41544349362947,84.3889336858794
RUS,Mercedes,Australian Grand Prix,2026,1,11.0,84.342606,84.54331361327162,84.49538114700347,84.44295960204596
BOR,Audi,Australian Grand Prix,2026,1,31.0,84.36247,84.35041002084021,84.34770878019435,84.35644127750996
BOR,Audi,Australian Grand Prix,2026,1,24.0,84.36526,84.35108832190237,84.3488413945044,84.35817279254297
NOR,McLaren,Australian Grand Prix,2026,1,14.0,84.36966,84.36913840172441,84.36400447969643,84.36939891277626
LAW,Racing Bulls,Australian Grand Prix,2026,1,45.0,84.37305,84.23499511553182,84.25907394537447,84.30402099526592
BOR,Audi,Australian Grand Prix,2026,1,25.0,84.38915,84.36873191800974,84.36787274967111,84.37894222243261
BEA,Haas,Australian Grand Prix,2026,1,45.0,84.39395,84.36382325338195,84.36503755055273,84.37888733469879
BEA,Haas,Australian Grand Prix,2026,1,52.0,84.3942,84.3486930863929,84.3531743234049,84.37144813621403
LAW,Racing Bulls,Australian Grand Prix,2026,1,38.0,84.40813,84.33933721433314,84.34879688242243,84.37373202269391
HAM,Ferrari,Australian Grand Prix,2026,1,11.0,84.41152,84.66197971612841,84.60365677342953,84.53675081387476
BEA,Haas,Australian Grand Prix,2026,1,51.0,84.41484,84.31542374067104,84.33140395163974,84.36513221945661
BOR,Audi,Australian Grand Prix,2026,1,22.0,84.42242,84.38169325820618,84.385229184222,84.40205497260895
BEA,Haas,Australian Grand Prix,2026,1,27.0,84.42293,84.20009292142264,84.24230093227068,84.31151038893398
ALB,Williams,Australian Grand Prix,2026,1,36.0,84.42777,84.46176414518868,84.44944807022756,84.44476833358067
BOR,Audi,Australian Grand Prix,2026,1,23.0,84.431114,84.37064244778837,84.37839379197317,84.40087832228286
BEA,Haas,Australian Grand Prix,2026,1,28.0,84.445435,84.19080019438142,84.23981745190787,84.31811738234697
LAW,Racing Bulls,Australian Grand Prix,2026,1,35.0,84.46466,84.27276767693279,84.30851046385396,84.36871416073203
ALB,Williams,Australian Grand Prix,2026,1,35.0,84.47068,84.47186063950049,84.46662008815497,84.47127043815846
LIN,Racing Bulls,Australian Grand Prix,2026,1,28.0,84.47184,84.40217812710516,84.41198360971426,84.43700901594516
ANT,Mercedes,Australian Grand Prix,2026,1,5.0,84.47794,84.44721516429215,84.44876862436618,84.46257929235115
LIN,Racing Bulls,Australian Grand Prix,2026,1,26.0,84.47829,84.43018111490706,84.43542546988864,84.45423392903555
BEA,Haas,Australian Grand Prix,2026,1,26.0,84.49685,84.39358715225693,84.41059056053342,84.44521810615777
HAM,Ferrari,Australian Grand Prix,2026,1,8.0,84.5266,84.42967373438809,84.44540758301176,84.47813871655927
HAM,Ferrari,Australian Grand Prix,2026,1,7.0,84.53053,84.5510783185825,84.54187653669682,84.54080557774827
BEA,Haas,Australian Grand Prix,2026,1,25.0,84.5383,84.6450695762955,84.6175778693033,84.59168456842119
HAM,Ferrari,Australian Grand Prix,2026,1,10.0,84.53947,84.87214737264782,84.7966872359487,84.70580711527899
SAI,Williams,Australian Grand Prix,2026,1,56.0,84.54504,84.61938485224513,84.59879472542187,84.58221058408155
RUS,Mercedes,Australian Grand Prix,2026,1,6.0,84.545334,84.56821393493702,84.55855372194405,84.55677389862086
BOR,Audi,Australian Grand Prix,2026,1,30.0,84.5489,84.49144677146248,84.49885337822312,84.52017178050663
BOR,Audi,Australian Grand Prix,2026,1,28.0,84.55561,84.57174847706585,84.56354586651139,84.56367956690207
COL,Alpine,Australian Grand Prix,2026,1,54.0,84.55694,84.92809729954318,84.84451039561657,84.74251773546496
BEA,Haas,Australian Grand Prix,2026,1,50.0,84.57897,84.45131872496873,84.47370855588437,84.51514529388085
BOR,Audi,Australian Grand Prix,2026,1,27.0,84.58517,84.54970021010706,84.55253016720529,84.5674335706297
HAM,Ferrari,Australian Grand Prix,2026,1,2.0,84.60705,84.58290054164459,84.58338205680457,84.59497428815628
LIN,Racing Bulls,Australian Grand Prix,2026,1,30.0,84.61662,84.58731680815997,84.58891787784299,84.60196986648234
BOR,Audi,Australian Grand Prix,2026,1,26.0,84.61783,84.40330803929825,84.44424179391672,84.51056820421944
BOR,Audi,Australian Grand Prix,2026,1,40.0,84.620255,84.84127339094901,84.78972790381476,84.7307639537753
LIN,Racing Bulls,Australian Grand Prix,2026,1,27.0,84.63516,84.2935675647825,84.36152887169796,84.46436495914907
BEA,Haas,Australian Grand Prix,2026,1,46.0,84.6499,84.55513043382787,84.57071684935224,84.60251638878893
LAW,Racing Bulls,Australian Grand Prix,2026,1,51.0,84.65705,84.49183557408846,84.52239848463869,84.57444333025711
LIN,Racing Bulls,Australian Grand Prix,2026,1,21.0,84.65912,84.81498886661629,84.77737546158264,84.73705375948002
LIN,Racing Bulls,Australian Grand Prix,2026,1,22.0,84.66575,84.49748612911523,84.528717976268,84.58161736265332
LEC,Ferrari,Australian Grand Prix,2026,1,6.0,84.66692,84.53423342053932,84.55791455162806,84.60057847174427
LEC,Ferrari,Australian Grand Prix,2026,1,10.0,84.67792,84.83302058132351,84.79561746023182,84.75546903089614
LIN,Racing Bulls,Australian Grand Prix,2026,1,25.0,84.68805,84.63784133265528,84.64406090539339,84.66294532453077
VER,Red Bull,Australian Grand Prix,2026,1,15.0,84.6908,84.65390329616484,84.65730395336207,84.67235341199844
RUS,Mercedes,Australian Grand Prix,2026,1,8.0,84.7115,84.72935597366842,84.72118194520252,84.72042902443187
BOR,Audi,Australian Grand Prix,2026,1,41.0,84.71916,84.7492695728513,84.73851282293333,84.73421578007799
BEA,Haas,Australian Grand Prix,2026,1,21.0,84.71928,84.69997341178798,84.69970913375383,84.70962492000533
RUS,Mercedes,Australian Grand Prix,2026,1,10.0,84.723595,84.83079871721289,84.8036819534617,84.77719669137011
BEA,Haas,Australian Grand Prix,2026,1,44.0,84.72377,84.5955853563855,84.61845310208957,84.65967774899353
BEA,Haas,Australian Grand Prix,2026,1,48.0,84.724045,84.629954289888,84.64558291759849,84.67699954484635
BEA,Haas,Australian Grand Prix,2026,1,49.0,84.7243,84.60094352738282,84.62278659502326,84.66262004860351
GAS,Alpine,Australian Grand Prix,2026,1,56.0,84.72481,84.56677600407517,84.59598426987334,84.64579187166649
LIN,Racing Bulls,Australian Grand Prix,2026,1,24.0,84.72529,84.60176274213923,84.62364496250183,84.66352556662625
BEA,Haas,Australian Grand Prix,2026,1,16.0,84.72605,84.69686993735012,84.69872037986252,84.71146063395827
BEA,Haas,Australian Grand Prix,2026,1,47.0,84.72847,84.68156151739504,84.68718231536093,84.70501568301393
BOR,Audi,Australian Grand Prix,2026,1,50.0,84.75754,84.86468951928998,84.83766944419273,84.81111368054343
BEA,Haas,Australian Grand Prix,2026,1,55.0,84.75773,84.66234875272863,84.67833607539197,84.7100386646944
BEA,Haas,Australian Grand Prix,2026,1,54.0,84.772575,84.72074795572158,84.72752449241611,84.74666166706977
ALB,Williams,Australian Grand Prix,2026,1,37.0,84.78108,84.68476590079598,84.70101094297736,84.73292402705815
GAS,Alpine,Australian Grand Prix,2026,1,25.0,84.79047,84.5677204300566,84.6108360556552,84.67909336932517
LIN,Racing Bulls,Australian Grand Prix,2026,1,51.0,84.797844,84.68221024886604,84.70259954060029,84.74002709098576
OCO,Haas,Australian Grand Prix,2026,1,57.0,84.80343,84.6240022869833,84.65795182860374,84.71371546844281
BOR,Audi,Australian Grand Prix,2026,1,39.0,84.80378,84.83343896944197,84.82299070928421,84.81860928574638
BEA,Haas,Australian Grand Prix,2026,1,37.0,84.80481,84.73224711433868,84.74350792806291,84.7685283423256
BEA,Haas,Australian Grand Prix,2026,1,24.0,84.80551,84.63344265357631,84.66583509527662,84.71947706409284
OCO,Haas,Australian Grand Prix,2026,1,24.0,84.80565,85.02217738470435,84.97205275642317,84.91391309420764
BOR,Audi,Australian Grand Prix,2026,1,29.0,84.81155,84.60530237465235,84.64496700918943,84.70842435016797
LIN,Racing Bulls,Australian Grand Prix,2026,1,37.0,84.812744,84.6371301271379,84.67029361191061,84.72493713388144
NOR,McLaren,Australian Grand Prix,2026,1,33.0,84.81345,84.53190005479239,84.5875612649319,84.6726768645544
LIN,Racing Bulls,Australian Grand Prix,2026,1,23.0,84.81765,84.68222820568832,84.70686933424862,84.74993902349846
HAM,Ferrari,Australian Grand Prix,2026,1,5.0,84.82102,84.88204969027247,84.86498394052225,84.85153586198194
ALB,Williams,Australian Grand Prix,2026,1,46.0,84.82371,84.8174524265325,84.81468073652768,84.82058000354945
ALB,Williams,Australian Grand Prix,2026,1,45.0,84.82523,84.83580432878823,84.82946353308884,84.83051889413045
LIN,Racing Bulls,Australian Grand Prix,2026,1,29.0,84.83073,84.6849854318572,84.71185085034656,84.75785602769618
BEA,Haas,Australian Grand Prix,2026,1,53.0,84.83706,84.5324863650592,84.59309510058623,84.68477269302764
LIN,Racing Bulls,Australian Grand Prix,2026,1,35.0,84.83972,84.76076899012207,84.77347475926274,84.80024533490479
BEA,Haas,Australian Grand Prix,2026,1,43.0,84.84227,84.72228573254826,84.74371082811014,84.78227781500459
HAM,Ferrari,Australian Grand Prix,2026,1,3.0,84.84454,84.81144783599227,84.8144281584042,84.82799564651177
VER,Red Bull,Australian Grand Prix,2026,1,8.0,84.85805,84.88500657508115,84.8752685138543,84.87152703021636
BOR,Audi,Australian Grand Prix,2026,1,49.0,84.859695,84.94908374905008,84.92609319580764,84.9043895918102
GAS,Alpine,Australian Grand Prix,2026,1,24.0,84.860435,84.78675305931284,84.79839192226072,84.82359427257634
VER,Red Bull,Australian Grand Prix,2026,1,16.0,84.875275,84.95597353789314,84.9348674319296,84.91562409804814
VER,Red Bull,Australian Grand Prix,2026,1,17.0,84.87751,84.65141979208445,84.69546501849986,84.76446493144262
BOR,Audi,Australian Grand Prix,2026,1,52.0,84.8823,84.76703375934608,84.7875582163278,84.82466754495624
BEA,Haas,Australian Grand Prix,2026,1,31.0,84.88249,84.9539718969927,84.93484162075154,84.91823198121119
GAS,Alpine,Australian Grand Prix,2026,1,23.0,84.89657,84.80003442447588,84.81661680622457,84.84830136140786
GAS,Alpine,Australian Grand Prix,2026,1,54.0,84.896866,84.8965491872829,84.89270090076486,84.89670751600474
HAM,Ferrari,Australian Grand Prix,2026,1,6.0,84.90031,84.83964533357323,84.84861972750603,84.8699760176167
BOR,Audi,Australian Grand Prix,2026,1,56.0,84.90133,84.94933316798449,84.93523536849467,84.92533110425592
LEC,Ferrari,Australian Grand Prix,2026,1,4.0,84.90263,85.06301905224501,85.02506074071303,84.9828263596186
ALB,Williams,Australian Grand Prix,2026,1,43.0,84.910736,84.84415500448426,84.85441272158444,84.87744554423432
OCO,Haas,Australian Grand Prix,2026,1,56.0,84.913216,84.81606848984275,84.83282306444156,84.86464206352488
BEA,Haas,Australian Grand Prix,2026,1,42.0,84.91572,84.87115695619497,84.87675136487749,84.89343751740412
OCO,Haas,Australian Grand Prix,2026,1,55.0,84.924805,84.80881468833225,84.8295996970521,84.86680968791612
BOR,Audi,Australian Grand Prix,2026,1,57.0,84.929405,85.01368757801875,84.99195698768203,84.97154639521054
OCO,Haas,Australian Grand Prix,2026,1,53.0,84.933685,85.286552406634,85.20779949530612,85.11011885468419
LIN,Racing Bulls,Australian Grand Prix,2026,1,32.0,84.93419,84.58970420738359,84.65903297818907,84.76194652507851
GAS,Alpine,Australian Grand Prix,2026,1,26.0,84.93676,84.73592409978643,84.77475599144819,84.83634202425844
LIN,Racing Bulls,Australian Grand Prix,2026,1,55.0,84.94536,84.96761213411469,84.95909331513954,84.95648520524094
BEA,Haas,Australian Grand Prix,2026,1,36.0,84.95486,84.96144802383157,84.9562790754682,84.95815244819508
ALB,Williams,Australian Grand Prix,2026,1,39.0,84.95604,85.01703361983027,85.00031534095329,84.9865365242706
ALB,Williams,Australian Grand Prix,2026,1,54.0,84.96101,84.91675198885338,84.92239702417166,84.93888289139934
LAW,Racing Bulls,Australian Grand Prix,2026,1,52.0,84.96374,84.82925124237407,84.85406201533894,84.89649436508353
LAW,Racing Bulls,Australian Grand Prix,2026,1,54.0,84.96853,85.06932429437478,85.04418580909353,85.01892652096669
SAI,Williams,Australian Grand Prix,2026,1,15.0,84.969826,84.8825142645995,84.89732297477977,84.92617000461419
ALB,Williams,Australian Grand Prix,2026,1,50.0,84.970856,84.88667668843185,84.90082282812574,84.92876620066124
OCO,Haas,Australian Grand Prix,2026,1,25.0,84.9713,84.85005034879184,84.87206905463812,84.91067428328265
BEA,Haas,Australian Grand Prix,2026,1,30.0,84.971344,84.98556161620334,84.97881477343746,84.97845280517198
ALB,Williams,Australian Grand Prix,2026,1,42.0,84.973175,84.88399109400972,84.89920586146816,84.92858307141893
SAI,Williams,Australian Grand Prix,2026,1,36.0,84.98046,84.86340575183212,84.8845572923705,84.9219334362188
GAS,Alpine,Australian Grand Prix,2026,1,27.0,84.99276,84.76315423901934,84.80823643627863,84.8779569718046
HAM,Ferrari,Australian Grand Prix,2026,1,4.0,84.99314,84.82449319981174,84.85663223033794,84.90881718706407
SAI,Williams,Australian Grand Prix,2026,1,14.0,85.02167,84.94050550830148,84.95413907768348,84.98108649438512
ALB,Williams,Australian Grand Prix,2026,1,51.0,85.02436,84.89122143586239,84.91589899707591,84.95779104630034
OCO,Haas,Australian Grand Prix,2026,1,26.0,85.03772,84.97741570075034,84.9866606179126,85.00756771365641
GAS,Alpine,Australian Grand Prix,2026,1,57.0,85.03968,84.66875292463813,84.74396269845401,84.85421670279757
SAI,Williams,Australian Grand Prix,2026,1,48.0,85.04269,85.04163239275503,85.03830829173378,85.0421594275787
ALB,Williams,Australian Grand Prix,2026,1,49.0,85.04292,84.8742721770324,84.90653730147866,84.9585975753326
VER,Red Bull,Australian Grand Prix,2026,1,6.0,85.04293,85.37345095902825,85.29971870404677,85.2081907810278
RUS,Mercedes,Australian Grand Prix,2026,1,4.0,85.04461,85.15915096921569,85.13128528036032,85.10188001951995
ALB,Williams,Australian Grand Prix,2026,1,47.0,85.045525,84.86692034216978,84.90130561010879,84.95622246966887
OCO,Haas,Australian Grand Prix,2026,1,27.0,85.0502,84.62107145670092,84.70866684691556,84.83563643635827
LIN,Racing Bulls,Australian Grand Prix,2026,1,36.0,85.06177,84.56625164804977,84.66797304402631,84.81400961308739
ALB,Williams,Australian Grand Prix,2026,1,44.0,85.06392,84.95863611869876,84.9774982121288,85.01127759304079
GAS,Alpine,Australian Grand Prix,2026,1,55.0,85.08557,84.75337662198626,84.82047727645993,84.91947395552438
LIN,Racing Bulls,Australian Grand Prix,2026,1,38.0,85.08721,84.72636332902283,84.79955262165403,84.90678746895478
LIN,Racing Bulls,Australian Grand Prix,2026,1,56.0,85.08767,85.12953458730814,85.11721011060062,85.10860197993337
BEA,Haas,Australian Grand Prix,2026,1,32.0,85.08826,84.81274152079268,84.8678132660385,84.95049917836509
BEA,Haas,Australian Grand Prix,2026,1,17.0,85.08838,84.77149355886128,84.83535040594167,84.92993623255563
ALB,Williams,Australian Grand Prix,2026,1,48.0,85.08907,84.86148111600093,84.90637857021676,84.97527714857664
ALB,Williams,Australian Grand Prix,2026,1,52.0,85.08948,84.92688943467064,84.9579845249471,85.00818348686657
BEA,Haas,Australian Grand Prix,2026,1,35.0,85.09833,84.87918320826364,84.9223101633346,84.9887554224912
RUS,Mercedes,Australian Grand Prix,2026,1,2.0,85.10258,85.12475447440244,85.11664825198883,85.11366584193755
LAW,Racing Bulls,Australian Grand Prix,2026,1,23.0,85.10417,85.02473992079699,85.03821408502802,85.06445583686335
VER,Red Bull,Australian Grand Prix,2026,1,7.0,85.10481,85.14602499125776,85.13388236053952,85.12541880666404
BEA,Haas,Australian Grand Prix,2026,1,15.0,85.10507,85.08185548209629,85.08339477808639,85.09346375179032
LIN,Racing Bulls,Australian Grand Prix,2026,1,31.0,85.106575,84.79392807807331,84.8569307821079,84.95025154514016
SAI,Williams,Australian Grand Prix,2026,1,16.0,85.108406,84.88146826985214,84.92627552848897,84.99493716837333
LIN,Racing Bulls,Australian Grand Prix,2026,1,47.0,85.11365,84.78358798300007,84.85030601394851,84.94861772196879
GAS,Alpine,Australian Grand Prix,2026,1,16.0,85.1317,84.98958636884717,85.01643990953106,85.0606424886228
BOR,Audi,Australian Grand Prix,2026,1,48.0,85.13373,84.94524446908251,84.98194992701991,85.03948624821314
OCO,Haas,Australian Grand Prix,2026,1,28.0,85.13504,84.85146167990332,84.90836357474295,84.99325098155322
LIN,Racing Bulls,Australian Grand Prix,2026,1,45.0,85.13908,84.8194929430371,84.88405049218488,84.97928458797364
GAS,Alpine,Australian Grand Prix,2026,1,28.0,85.13978,84.80000695815262,84.8688531104643,84.96989254767982
BOR,Audi,Australian Grand Prix,2026,1,17.0,85.14824,84.9378288079564,84.979226926285,85.0430339718493
ALB,Williams,Australian Grand Prix,2026,1,53.0,85.1499,84.95388855859679,84.99223380988741,85.0518954511734
VER,Red Bull,Australian Grand Prix,2026,1,10.0,85.15115,85.00686775706006,85.03423189181635,85.0790106607566
BEA,Haas,Australian Grand Prix,2026,1,41.0,85.16066,84.96330631397508,85.00196316273396,85.06198305200706
ALB,Williams,Australian Grand Prix,2026,1,22.0,85.169586,85.11894824767509,85.12647302253396,85.14426721465786
OCO,Haas,Australian Grand Prix,2026,1,23.0,85.17019,85.34533225898606,85.30491461820137,85.25776058139732
ALB,Williams,Australian Grand Prix,2026,1,41.0,85.17297,84.94202933939049,84.9878501327395,85.0575014861015
OCO,Haas,Australian Grand Prix,2026,1,54.0,85.17803,84.94773264689931,84.99342922395049,85.06288228414301
LIN,Racing Bulls,Australian Grand Prix,2026,1,57.0,85.17974,84.87854165881619,84.93929792655705,85.02914128228895
SAI,Williams,Australian Grand Prix,2026,1,35.0,85.18069,84.91625195614724,84.9692038372848,85.04846945341541
LAW,Racing Bulls,Australian Grand Prix,2026,1,21.0,85.18103,85.22587117650086,85.21315017485999,85.20345072496917
LIN,Racing Bulls,Australian Grand Prix,2026,1,46.0,85.18367,84.71640268449288,84.81243289003226,84.9500363642191
VER,Red Bull,Australian Grand Prix,2026,1,9.0,85.18837,85.09822614973373,85.11418717815354,85.14329795035515
GAS,Alpine,Australian Grand Prix,2026,1,9.0,85.189964,85.14765411733293,85.1534618907107,85.16880920588326
OCO,Haas,Australian Grand Prix,2026,1,8.0,85.198135,85.22974284719741,85.2198750426643,85.213939111587
GAS,Alpine,Australian Grand Prix,2026,1,15.0,85.19855,85.13202911618963,85.14299903285902,85.16528823973545
OCO,Haas,Australian Grand Prix,2026,1,29.0,85.19917,84.96177989006189,85.00903610915603,85.08047643184736
GAS,Alpine,Australian Grand Prix,2026,1,29.0,85.20396,84.92993900312284,84.98498438042479,85.06694780356338
GAS,Alpine,Australian Grand Prix,2026,1,17.0,85.21862,84.97578392536413,85.02424503463476,85.09720211282854
VER,Red Bull,Australian Grand Prix,2026,1,5.0,85.22178,85.3183667174826,85.29476014043021,85.27007279355576
SAI,Williams,Australian Grand Prix,2026,1,37.0,85.22502,84.94847072192903,85.00410708410118,85.08674604211686
COL,Alpine,Australian Grand Prix,2026,1,22.0,85.22967,85.14504363032046,85.1599367037959,85.18735564694734
NOR,McLaren,Australian Grand Prix,2026,1,8.0,85.24126,85.05478267929965,85.09133248976335,85.14801969658342
BEA,Haas,Australian Grand Prix,2026,1,38.0,85.24393,84.70868006957922,84.81929742155812,84.97630353576616
ALB,Williams,Australian Grand Prix,2026,1,15.0,85.244286,85.12668659914466,85.14861864831356,85.18548609132037
SAI,Williams,Australian Grand Prix,2026,1,17.0,85.24696,85.1248546472963,85.1477511035485,85.18590907413643
LIN,Racing Bulls,Australian Grand Prix,2026,1,50.0,85.248,84.89226408493882,84.96477334985457,85.07013259178581
BEA,Haas,Australian Grand Prix,2026,1,39.0,85.2533,84.94982808872126,85.01125314219158,85.10156580827665
ALB,Williams,Australian Grand Prix,2026,1,55.0,85.25578,85.01153844714453,85.06039227915275,85.1336607640996
LIN,Racing Bulls,Australian Grand Prix,2026,1,52.0,85.25896,85.10034265515337,85.13102115059507,85.17964978216654
GAS,Alpine,Australian Grand Prix,2026,1,43.0,85.26449,85.09932040882013,85.13140447507145,85.18190431451748
LAW,Racing Bulls,Australian Grand Prix,2026,1,28.0,85.266914,85.19844512749914,85.2100016773095,85.23267974758747
COL,Alpine,Australian Grand Prix,2026,1,23.0,85.26803,85.09708868430384,85.13040729016625,85.1825584717906
LAW,Racing Bulls,Australian Grand Prix,2026,1,27.0,85.268074,85.18652682414032,85.20086336275895,85.22730042989242
LAW,Racing Bulls,Australian Grand Prix,2026,1,22.0,85.269775,85.19636393092094,85.20897715758683,85.23306966077297
LIN,Racing Bulls,Australian Grand Prix,2026,1,49.0,85.274376,85.00568479476826,85.0597766306875,85.1400303551478
LAW,Racing Bulls,Australian Grand Prix,2026,1,53.0,85.27735,85.17935234624935,85.19720576380894,85.22835186282194
GAS,Alpine,Australian Grand Prix,2026,1,8.0,85.27794,85.13795629476269,85.16472625843733,85.20794756876806
GAS,Alpine,Australian Grand Prix,2026,1,22.0,85.27918,85.3440276798706,85.32730625122372,85.31160505697632
GAS,Alpine,Australian Grand Prix,2026,1,44.0,85.28643,85.01000539269752,85.06576987395096,85.14821787579211
BOR,Audi,Australian Grand Prix,2026,1,16.0,85.28936,85.09117167519616,85.13033025101662,85.19026586079144
SAI,Williams,Australian Grand Prix,2026,1,20.0,85.28967,85.21894645839407,85.23103967916092,85.25430965497829
LIN,Racing Bulls,Australian Grand Prix,2026,1,48.0,85.29074,84.99886499672802,85.05792131585352,85.14480298176244
HAM,Ferrari,Australian Grand Prix,2026,1,9.0,85.29174,84.98274109094311,85.04543601958969,85.13724075421179
OCO,Haas,Australian Grand Prix,2026,1,14.0,85.29414,85.30853768695609,85.30256713263232,85.30134068185694
OCO,Haas,Australian Grand Prix,2026,1,30.0,85.29579,84.93419096858642,85.00806583436875,85.11499129728149
BEA,Haas,Australian Grand Prix,2026,1,29.0,85.29894,85.01792192530398,85.07469382528362,85.15843224561098
ALB,Williams,Australian Grand Prix,2026,1,20.0,85.303055,85.33528627260858,85.32555045621588,85.31917054108945
LIN,Racing Bulls,Australian Grand Prix,2026,1,44.0,85.30495,85.17589878646487,85.20041494226359,85.24042284293947
GAS,Alpine,Australian Grand Prix,2026,1,35.0,85.31259,85.1444576064541,85.17729278538673,85.22852457959424
NOR,McLaren,Australian Grand Prix,2026,1,7.0,85.3131,85.11902636945302,85.15737162407163,85.2160645458105
HAD,Red Bull,Australian Grand Prix,2026,1,4.0,85.31821,85.53612912815325,85.48700064390928,85.42716795763131
RUS,Mercedes,Australian Grand Prix,2026,1,9.0,85.32018,85.19235859514856,85.2166532661337,85.25627069772077
GAS,Alpine,Australian Grand Prix,2026,1,50.0,85.321396,85.1547710115422,85.18730793611775,85.23808344278282
BOR,Audi,Australian Grand Prix,2026,1,51.0,85.32366,85.4063813546007,85.38597650229745,85.36502157939995
LAW,Racing Bulls,Australian Grand Prix,2026,1,14.0,85.3258,85.28568729187111,85.29137044491439,85.30574266326954
GAS,Alpine,Australian Grand Prix,2026,1,36.0,85.32996,85.13867590817603,85.17647152212668,85.23431979612903
BEA,Haas,Australian Grand Prix,2026,1,20.0,85.330376,85.12500238145243,85.16579004785928,85.22768902641957
OCO,Haas,Australian Grand Prix,2026,1,36.0,85.33047,85.14117610245334,85.17854900263,85.23582166328723
ALB,Williams,Australian Grand Prix,2026,1,23.0,85.33904,85.13273336252045,85.17374163646829,85.23588801304734
NOR,McLaren,Australian Grand Prix,2026,1,9.0,85.34395,85.2119118604292,85.23716091005151,85.27793011234351
ALB,Williams,Australian Grand Prix,2026,1,14.0,85.34936,85.49749453191667,85.46326328521131,85.42342606844858
OCO,Haas,Australian Grand Prix,2026,1,9.0,85.35382,85.26511063909201,85.28118436582268,85.30946571993664
LIN,Racing Bulls,Australian Grand Prix,2026,1,20.0,85.35466,85.46121586956623,85.43582760160189,85.40793795187295
COL,Alpine,Australian Grand Prix,2026,1,21.0,85.35602,85.27180543232984,85.28692966252274,85.31391174936805
HAD,Red Bull,Australian Grand Prix,2026,1,9.0,85.365906,85.42654144203085,85.41093252150448,85.3962236018748
LIN,Racing Bulls,Australian Grand Prix,2026,1,17.0,85.3719,85.23528303226466,85.26157572170217,85.30359274904248
LIN,Racing Bulls,Australian Grand Prix,2026,1,3.0,85.3737,85.44000610522484,85.42321338177757,85.40685455407726
LEC,Ferrari,Australian Grand Prix,2026,1,8.0,85.375465,85.4995390584082,85.47048338336022,85.4375022257373
BOR,Audi,Australian Grand Prix,2026,1,54.0,85.38177,85.37441458102734,85.37328275921504,85.37809092698828
ALB,Williams,Australian Grand Prix,2026,1,21.0,85.38707,85.39005542608169,85.38674164157302,85.38856256411506
GAS,Alpine,Australian Grand Prix,2026,1,46.0,85.38721,85.24049117686941,85.26896639018867,85.3138491040597
HAD,Red Bull,Australian Grand Prix,2026,1,10.0,85.388245,85.43390072353577,85.4215289840713,85.41107267622101
GAS,Alpine,Australian Grand Prix,2026,1,42.0,85.39594,85.24595055632166,85.2751434983178,85.32094662215496
OCO,Haas,Australian Grand Prix,2026,1,7.0,85.3968,85.48361473428042,85.46252405054675,85.4402059572281
OCO,Haas,Australian Grand Prix,2026,1,31.0,85.39832,85.16182426283872,85.20939261920434,85.28007366096037
OCO,Haas,Australian Grand Prix,2026,1,43.0,85.3991,85.21765660789974,85.25353635392382,85.30837893261199
LIN,Racing Bulls,Australian Grand Prix,2026,1,41.0,85.400444,85.10619972901965,85.16603550564069,85.25332187989068
BOR,Audi,Australian Grand Prix,2026,1,38.0,85.41244,84.68644069782266,84.8379879589742,85.04943906839375
HAD,Red Bull,Australian Grand Prix,2026,1,8.0,85.41449,85.62644822916546,85.57882887026663,85.52046898762961
LEC,Ferrari,Australian Grand Prix,2026,1,9.0,85.41553,85.18364382840622,85.23027551480966,85.29958558607811
ALB,Williams,Australian Grand Prix,2026,1,24.0,85.418594,85.35542542299592,85.36623883968244,85.38700989167374
HAD,Red Bull,Australian Grand Prix,2026,1,5.0,85.42172,85.60890537418611,85.56656525076286,85.51531389314775
COL,Alpine,Australian Grand Prix,2026,1,51.0,85.42193,85.39569932372865,85.39867708499146,85.40881386474518
LIN,Racing Bulls,Australian Grand Prix,2026,1,8.0,85.42491,85.33527644976846,85.35172578555745,85.38009397439595
BEA,Haas,Australian Grand Prix,2026,1,23.0,85.43488,84.60703437831847,84.7802661689072,85.02095874799713
HAD,Red Bull,Australian Grand Prix,2026,1,7.0,85.46601,85.55425427331473,85.53303533356885,85.510132660339
NOR,McLaren,Australian Grand Prix,2026,1,6.0,85.466606,85.37435511316623,85.39146505124674,85.42048062665148
COL,Alpine,Australian Grand Prix,2026,1,24.0,85.46674,85.21851611725069,85.2687474755644,85.34262979324448
COL,Alpine,Australian Grand Prix,2026,1,43.0,85.47253,85.58813505959024,85.56112161429324,85.5303308049416
COL,Alpine,Australian Grand Prix,2026,1,20.0,85.47801,85.58869408563757,85.56274059715203,85.53335308529925
LIN,Racing Bulls,Australian Grand Prix,2026,1,9.0,85.47864,85.31364468080235,85.34623147769764,85.39614118805743
COL,Alpine,Australian Grand Prix,2026,1,45.0,85.48292,85.17559919573473,85.23841916327981,85.32925849068963
GAS,Alpine,Australian Grand Prix,2026,1,30.0,85.48894,85.13296103491719,85.20612849555596,85.31094920642343
LIN,Racing Bulls,Australian Grand Prix,2026,1,15.0,85.491875,85.28615708982504,85.32742499241243,85.38901589232464
SAI,Williams,Australian Grand Prix,2026,1,21.0,85.49506,85.41031099653323,85.42590044565105,85.45268738913575
ALB,Williams,Australian Grand Prix,2026,1,17.0,85.495766,85.5109416914592,85.50531335073464,85.50335368874718
LIN,Racing Bulls,Australian Grand Prix,2026,1,7.0,85.50046,85.36833726934327,85.39399869774184,85.43439751650757
OCO,Haas,Australian Grand Prix,2026,1,35.0,85.503746,85.14201472719938,85.2164415667843,85.32288037995711
BEA,Haas,Australian Grand Prix,2026,1,7.0,85.50942,85.52940958448822,85.52279401139728,85.51941594336716
HAD,Red Bull,Australian Grand Prix,2026,1,3.0,85.514824,85.54269765614207,85.53442103530146,85.52876078485815
COL,Alpine,Australian Grand Prix,2026,1,52.0,85.52873,86.01745949950391,85.91135718172607,85.7730958996543
COL,Alpine,Australian Grand Prix,2026,1,27.0,85.53084,85.39260901066079,85.41964414654332,85.46172351167806
NOR,McLaren,Australian Grand Prix,2026,1,10.0,85.53343,85.50117230650436,85.50571173908499,85.51730215667016
BOR,Audi,Australian Grand Prix,2026,1,9.0,85.542015,85.49979896747811,85.50647424845506,85.52090702158085
OCO,Haas,Australian Grand Prix,2026,1,32.0,85.54284,85.16026510526723,85.2392163620964,85.3515520777801
LIN,Racing Bulls,Australian Grand Prix,2026,1,10.0,85.54546,85.39917931841762,85.4279618285616,85.47232144021467
SAI,Williams,Australian Grand Prix,2026,1,8.0,85.549965,85.48788902834744,85.49880150830634,85.5189269665663
OCO,Haas,Australian Grand Prix,2026,1,15.0,85.557,85.3036400486463,85.35518865472005,85.43031962759463
COL,Alpine,Australian Grand Prix,2026,1,26.0,85.55878,85.36679864968006,85.40531768804226,85.4627877525744
ALB,Williams,Australian Grand Prix,2026,1,25.0,85.56073,85.48855663388066,85.50164041696813,85.5246433071747
SAI,Williams,Australian Grand Prix,2026,1,9.0,85.56152,85.64756842037939,85.62705704716868,85.6045459289397
LAW,Racing Bulls,Australian Grand Prix,2026,1,29.0,85.56247,85.36008608752292,85.40082394325509,85.4612777849724
LEC,Ferrari,Australian Grand Prix,2026,1,3.0,85.57425,85.51020988341755,85.52160052627825,85.54222957549783
STR,Aston Martin,Australian Grand Prix,2026,1,36.0,85.574295,85.71201304654925,85.6805612686428,85.64315404524729
COL,Alpine,Australian Grand Prix,2026,1,44.0,85.57686,85.4027613100613,85.43752895818635,85.48980991528455
LAW,Racing Bulls,Australian Grand Prix,2026,1,55.0,85.58206,85.2053169420819,85.28312928033841,85.39368935483
ALB,Williams,Australian Grand Prix,2026,1,9.0,85.58238,85.63591927879033,85.62236343830017,85.60915074046937
OCO,Haas,Australian Grand Prix,2026,1,49.0,85.58401,85.54484880156858,85.55098065893435,85.56442803237609
COL,Alpine,Australian Grand Prix,2026,1,25.0,85.59337,85.38599127781606,85.42786745647336,85.48967990404475
BOR,Audi,Australian Grand Prix,2026,1,10.0,85.59497,85.41886176581048,85.45410225660447,85.50691623446774
BOR,Audi,Australian Grand Prix,2026,1,15.0,85.59597,85.60465310036952,85.60065614481707,85.60031162708906
GAS,Alpine,Australian Grand Prix,2026,1,31.0,85.59654,85.14865582605692,85.24161138239818,85.37259909222769
BEA,Haas,Australian Grand Prix,2026,1,9.0,85.59992,85.43891105878136,85.47095805877528,85.51941661947856
GAS,Alpine,Australian Grand Prix,2026,1,7.0,85.60165,85.7979234582649,85.75410580696631,85.69978494080237
SAI,Williams,Australian Grand Prix,2026,1,22.0,85.60195,85.5083478142509,85.52608619775135,85.555149706686
LIN,Racing Bulls,Australian Grand Prix,2026,1,43.0,85.60221,85.3691059677402,85.41646764881733,85.48565848313768
SAI,Williams,Australian Grand Prix,2026,1,23.0,85.60329,85.58027366783726,85.58302570556557,85.59178020550067
OCO,Haas,Australian Grand Prix,2026,1,6.0,85.62391,85.78678033445028,85.7501123977361,85.70534466551615
SAI,Williams,Australian Grand Prix,2026,1,43.0,85.62959,85.99225237513221,85.91317439364511,85.81092263532001
OCO,Haas,Australian Grand Prix,2026,1,10.0,85.63062,85.58579404542519,85.59324749792175,85.60820845459736
GAS,Alpine,Australian Grand Prix,2026,1,32.0,85.631615,85.3716792794349,85.42481242843145,85.50164698224674
BOR,Audi,Australian Grand Prix,2026,1,55.0,85.64048,85.82706176251915,85.7854007755873,85.73377090201153
STR,Aston Martin,Australian Grand Prix,2026,1,41.0,85.65,85.62540544954044,85.62861139550574,85.63770348770967
LAW,Racing Bulls,Australian Grand Prix,2026,1,26.0,85.652275,85.89470642425665,85.84121568356898,85.77349075485293
OCO,Haas,Australian Grand Prix,2026,1,42.0,85.65257,85.36487161711031,85.42395353721705,85.50872212447312
LAW,Racing Bulls,Australian Grand Prix,2026,1,30.0,85.65295,85.51866103098527,85.54516658685307,85.58580375157662
LIN,Racing Bulls,Australian Grand Prix,2026,1,42.0,85.66749,85.16726497320937,85.27151288440973,85.41737653567695
OCO,Haas,Australian Grand Prix,2026,1,52.0,85.66846,86.09347779261137,86.001255564665,85.88096741193068
OCO,Haas,Australian Grand Prix,2026,1,16.0,85.67408,85.48255798864501,85.5212708000671,85.57831894183226
GAS,Alpine,Australian Grand Prix,2026,1,41.0,85.67948,85.54494114023186,85.57156772061231,85.61221132328976
ALB,Williams,Australian Grand Prix,2026,1,26.0,85.68072,85.71551750671723,85.70618830921084,85.69811748748947
ALB,Williams,Australian Grand Prix,2026,1,8.0,85.70078,85.69234494386554,85.69224775246468,85.69656385987221
VER,Red Bull,Australian Grand Prix,2026,1,14.0,85.70275,85.54144950420982,85.57381741917779,85.6221003319389
NOR,McLaren,Australian Grand Prix,2026,1,4.0,85.70648,85.69024072226189,85.69181492049046,85.69836132792781
BEA,Haas,Australian Grand Prix,2026,1,14.0,85.70738,85.5768131835703,85.60266679570213,85.64209769285937
SAI,Williams,Australian Grand Prix,2026,1,44.0,85.70928,85.508427038184,85.5492104179925,85.60885447978535
SAI,Williams,Australian Grand Prix,2026,1,24.0,85.715965,85.67670600614188,85.68319192095075,85.696335638569
ALB,Williams,Australian Grand Prix,2026,1,27.0,85.737305,85.79615649878484,85.78186263460107,85.76673059314243
BEA,Haas,Australian Grand Prix,2026,1,10.0,85.73835,85.72329184176597,85.72469514011937,85.73082087815837
LIN,Racing Bulls,Australian Grand Prix,2026,1,6.0,85.741875,85.79351521534717,85.78076416621158,85.76769495508569
STR,Aston Martin,Australian Grand Prix,2026,1,42.0,85.75166,85.82037142439874,85.80402078040991,85.78601731620327
ALB,Williams,Australian Grand Prix,2026,1,10.0,85.774124,85.83607314673007,85.8212144221272,85.80509864611895
BOR,Audi,Australian Grand Prix,2026,1,8.0,85.78286,86.01282370451581,85.96230957440082,85.89784175338096
OCO,Haas,Australian Grand Prix,2026,1,17.0,85.783806,85.65456966048768,85.68033290596199,85.71918775382782
COL,Alpine,Australian Grand Prix,2026,1,32.0,85.786545,86.17374010441449,86.08984767809031,85.98014245210959
OCO,Haas,Australian Grand Prix,2026,1,41.0,85.78864,85.54194993847436,85.59266694474906,85.66529641088758
GAS,Alpine,Australian Grand Prix,2026,1,49.0,85.79016,86.17532846424614,86.091875787937,85.98274479852932
LAW,Racing Bulls,Australian Grand Prix,2026,1,20.0,85.790596,86.19625985475015,86.10845590526945,85.99342793152547
BEA,Haas,Australian Grand Prix,2026,1,8.0,85.79294,85.63731942963386,85.66870796108542,85.71512883102787
COL,Alpine,Australian Grand Prix,2026,1,17.0,85.80298,85.70450345422654,85.72378300534655,85.75374098492577
GAS,Alpine,Australian Grand Prix,2026,1,48.0,85.81166,86.16894614602143,86.09146831140364,85.9903034563115
RUS,Mercedes,Australian Grand Prix,2026,1,3.0,85.811874,85.20148138162045,85.32948749792665,85.50667788563445
ALO,Aston Martin,Australian Grand Prix,2026,1,15.0,85.81464,85.92148543653734,85.89719442364472,85.86806083350305
ALB,Williams,Australian Grand Prix,2026,1,7.0,85.83199,85.56170801116365,85.61754401577406,85.6968505570955
LAW,Racing Bulls,Australian Grand Prix,2026,1,9.0,85.83262,85.88881462697941,85.8753250107695,85.86071667017916
BOR,Audi,Australian Grand Prix,2026,1,4.0,85.835045,86.01353548306646,85.97408309245473,85.92429017195315
OCO,Haas,Australian Grand Prix,2026,1,45.0,85.83654,86.24463839483057,86.15643334446933,86.04058930849928
COL,Alpine,Australian Grand Prix,2026,1,8.0,85.85467,85.96691933687362,85.94158204234733,85.91079350022392
OCO,Haas,Australian Grand Prix,2026,1,50.0,85.862274,86.27869272283075,86.18878573888392,86.07048344637631
OCO,Haas,Australian Grand Prix,2026,1,48.0,85.86377,86.07241295878067,86.02663012820528,85.96809124501533
GAS,Alpine,Australian Grand Prix,2026,1,6.0,85.86708,85.9424935739372,85.92501017017821,85.90478713120689
SAI,Williams,Australian Grand Prix,2026,1,42.0,85.867966,85.89624880512287,85.88877549021173,85.88210725168253
COL,Alpine,Australian Grand Prix,2026,1,42.0,85.876,85.89745263351409,85.89144988338444,85.88672604209884
SAI,Williams,Australian Grand Prix,2026,1,10.0,85.88499,85.91623476394163,85.90817479614977,85.90061082069153
LAW,Racing Bulls,Australian Grand Prix,2026,1,31.0,85.88517,85.69078235545638,85.73063582940114,85.78797616918327
COL,Alpine,Australian Grand Prix,2026,1,16.0,85.886345,85.95914423294403,85.94226437382724,85.922744571306
COL,Alpine,Australian Grand Prix,2026,1,15.0,85.89309,86.10057329295458,86.05511057544891,85.99683129369409
BEA,Haas,Australian Grand Prix,2026,1,6.0,85.90253,85.83395450512917,85.84713526198779,85.86824068029895
LAW,Racing Bulls,Australian Grand Prix,2026,1,17.0,85.91029,85.96589736330995,85.95272929401453,85.93809547120576
OCO,Haas,Australian Grand Prix,2026,1,22.0,85.92032,86.2653712875025,86.19076494158635,86.09284494550906
GAS,Alpine,Australian Grand Prix,2026,1,4.0,85.92956,86.11129286035457,86.07138978087528,86.02042533032377
LAW,Racing Bulls,Australian Grand Prix,2026,1,25.0,85.93649,85.61331047055793,85.68064249294667,85.7749016952399
SAI,Williams,Australian Grand Prix,2026,1,7.0,85.948265,85.95474497870015,85.95210393068346,85.95150502719187
BOR,Audi,Australian Grand Prix,2026,1,14.0,85.94965,85.5891744054283,85.66445945460411,85.7694140154583
LAW,Racing Bulls,Australian Grand Prix,2026,1,10.0,85.96025,85.79097486718769,85.8256852355614,85.87561286083994
COL,Alpine,Australian Grand Prix,2026,1,35.0,85.98276,85.92308753998292,85.93458017038033,85.95292255417115
LIN,Racing Bulls,Australian Grand Prix,2026,1,5.0,85.98355,85.84254796334653,85.87131340368461,85.91304949436858
LAW,Racing Bulls,Australian Grand Prix,2026,1,32.0,85.98619,85.96975218896178,85.97207342000907,85.9779714924301
GAS,Alpine,Australian Grand Prix,2026,1,53.0,85.99648,86.32807509593401,86.2565190328427,86.16227897252756
GAS,Alpine,Australian Grand Prix,2026,1,39.0,86.00739,86.07330492753923,86.05819270926482,86.04034890542
SAI,Williams,Australian Grand Prix,2026,1,26.0,86.01584,86.12557576429033,86.10117871757097,86.0707071936686
LIN,Racing Bulls,Australian Grand Prix,2026,1,16.0,86.01979,85.75547623852928,85.81051780589428,85.88763344397168
STR,Aston Martin,Australian Grand Prix,2026,1,43.0,86.04408,86.0098615366966,86.01610476357318,86.02697208914908
BEA,Haas,Australian Grand Prix,2026,1,4.0,86.07848,86.05157991948408,86.05635603189785,86.06503175051353
SAI,Williams,Australian Grand Prix,2026,1,25.0,86.08456,86.09695500225308,86.09340075199123,86.09075579092146
SAI,Williams,Australian Grand Prix,2026,1,27.0,86.110664,86.29349201268795,86.25381347681085,86.20207819018187
STR,Aston Martin,Australian Grand Prix,2026,1,37.0,86.11195,86.31301111292262,86.26946480196746,86.2124824241371
GAS,Alpine,Australian Grand Prix,2026,1,14.0,86.13683,85.70905095036636,85.79909944072085,85.92294207064216
PER,Cadillac,Australian Grand Prix,2026,1,47.0,86.13902,86.2067107640388,86.19155326581925,86.17286679559362
BOR,Audi,Australian Grand Prix,2026,1,7.0,86.14577,86.55635238642303,86.46839875774336,86.35105979916855
PER,Cadillac,Australian Grand Prix,2026,1,48.0,86.14731,86.2344200396747,86.21515885648307,86.19086419464205
STR,Aston Martin,Australian Grand Prix,2026,1,29.0,86.15183,86.3876374332581,86.33681313738686,86.26973500691226
LAW,Racing Bulls,Australian Grand Prix,2026,1,8.0,86.15519,86.23306210033233,86.21578267890298,86.19412580724625
ALO,Aston Martin,Australian Grand Prix,2026,1,16.0,86.15991,86.3062784502477,86.27446650411075,86.23309527981135
COL,Alpine,Australian Grand Prix,2026,1,30.0,86.16129,86.17369634054,86.17033449679192,86.16749468516258
ALB,Williams,Australian Grand Prix,2026,1,6.0,86.180466,86.51945196471603,86.44678960651105,86.34995883147911
STR,Aston Martin,Australian Grand Prix,2026,1,28.0,86.20347,86.4131727265803,86.36802094584704,86.3083205246671
GAS,Alpine,Australian Grand Prix,2026,1,21.0,86.20998,86.21849404957723,86.21607999542218,86.21423512293315
ALO,Aston Martin,Australian Grand Prix,2026,1,17.0,86.22204,86.46205677827845,86.41051470703306,86.34204752366071
BEA,Haas,Australian Grand Prix,2026,1,3.0,86.22436,86.24393247217137,86.2392067504697,86.23414503857592
BOR,Audi,Australian Grand Prix,2026,1,53.0,86.23808,86.16506496899652,86.18003562897498,86.20157392736935
ALB,Williams,Australian Grand Prix,2026,1,32.0,86.252884,86.54083040029582,86.47918873431912,86.39685715571432
STR,Aston Martin,Australian Grand Prix,2026,1,38.0,86.2951,86.35195447854628,86.33949031547306,86.32352591481025
BOR,Audi,Australian Grand Prix,2026,1,3.0,86.30233,86.4225455555604,86.39664566922295,86.36243778632513
NOR,McLaren,Australian Grand Prix,2026,1,5.0,86.34123,85.67306241736802,85.81467172364125,86.00714735858635
ALO,Aston Martin,Australian Grand Prix,2026,1,18.0,86.35163,86.49957799005463,86.46791373654288,86.4256045773027
OCO,Haas,Australian Grand Prix,2026,1,40.0,86.357994,86.37204129606585,86.36882623675939,86.36501768782784
GAS,Alpine,Australian Grand Prix,2026,1,40.0,86.36918,86.07888636946662,86.14032505086118,86.22403257071963
COL,Alpine,Australian Grand Prix,2026,1,7.0,86.37126,87.08846895241591,86.93597353118899,86.72986527454779
LIN,Racing Bulls,Australian Grand Prix,2026,1,4.0,86.37689,85.66677364648028,85.8173804901418,86.02183286816202
COL,Alpine,Australian Grand Prix,2026,1,41.0,86.38164,86.47294439530988,86.45338310846513,86.42729098427603
OCO,Haas,Australian Grand Prix,2026,1,3.0,86.39362,86.49845104500837,86.47604885933163,86.44603719852958
OCO,Haas,Australian Grand Prix,2026,1,47.0,86.4122,86.23076697616999,86.26919836778151,86.32148395195219
OCO,Haas,Australian Grand Prix,2026,1,37.0,86.43182,85.39491196644431,85.61505080402046,85.91336784845653
GAS,Alpine,Australian Grand Prix,2026,1,52.0,86.43448,86.70104679003309,86.64440255289637,86.56776277489936
OCO,Haas,Australian Grand Prix,2026,1,39.0,86.46047,86.50847852798508,86.49831067641819,86.48447531745933
OCO,Haas,Australian Grand Prix,2026,1,21.0,86.516914,86.46325547231064,86.47481821068962,86.49008491999321
ALO,Aston Martin,Australian Grand Prix,2026,1,20.0,86.517654,86.64747705222703,86.62007994008529,86.58256573558617
GAS,Alpine,Australian Grand Prix,2026,1,37.0,86.51904,86.26174799179998,86.3165575671618,86.39039548027499
LAW,Racing Bulls,Australian Grand Prix,2026,1,24.0,86.53564,86.40147885915286,86.43018253168523,86.46855788050416
OCO,Haas,Australian Grand Prix,2026,1,44.0,86.53617,86.76699213003727,86.71819497958661,86.65158154475496
LAW,Racing Bulls,Australian Grand Prix,2026,1,3.0,86.54071,86.76549957442013,86.7179947530951,86.65310501181943
GAS,Alpine,Australian Grand Prix,2026,1,51.0,86.54366,86.07197236845225,86.17237024560349,86.30781769667729
OCO,Haas,Australian Grand Prix,2026,1,51.0,86.55967,86.74500131301426,86.70592291841744,86.65233540382158
STR,Aston Martin,Australian Grand Prix,2026,1,31.0,86.581955,86.99785419001634,86.9098717210217,86.78990457303551
GAS,Alpine,Australian Grand Prix,2026,1,10.0,86.58848,86.65230807873982,86.6391028323664,86.62039308355936
COL,Alpine,Australian Grand Prix,2026,1,29.0,86.61591,86.31100981110897,86.37617312125032,86.46346160111113
BEA,Haas,Australian Grand Prix,2026,1,5.0,86.62858,85.97276548446123,86.1124751515014,86.3006718352482
VER,Red Bull,Australian Grand Prix,2026,1,2.0,86.62865,86.79945063741424,86.7636311085074,86.71404874400008
SAI,Williams,Australian Grand Prix,2026,1,40.0,86.64637,86.81377452444356,86.77872148206214,86.73007222926279
ALO,Aston Martin,Australian Grand Prix,2026,1,8.0,86.66796,87.19949492558099,87.08717463751103,86.93372802309324
LAW,Racing Bulls,Australian Grand Prix,2026,1,15.0,86.66875,86.51766682858496,86.55029940643246,86.59320688841358
GAS,Alpine,Australian Grand Prix,2026,1,47.0,86.708176,87.0897939466712,87.00940911613934,86.89898480292544
LEC,Ferrari,Australian Grand Prix,2026,1,2.0,86.7263,86.15366228180214,86.27595701957547,86.43998269119405
BOR,Audi,Australian Grand Prix,2026,1,5.0,86.73498,86.0592838819234,86.20348346720087,86.3971308020457
PER,Cadillac,Australian Grand Prix,2026,1,52.0,86.77331,86.6768441797088,86.69814270542113,86.72507599000087
PER,Cadillac,Australian Grand Prix,2026,1,49.0,86.7845,86.20274625051587,86.32712282445846,86.49362318629309
OCO,Haas,Australian Grand Prix,2026,1,4.0,86.79418,86.64649600464833,86.67872402168852,86.7203389141894
COL,Alpine,Australian Grand Prix,2026,1,36.0,86.82322,86.92248840937661,86.90234953701014,86.87285385434652
SAI,Williams,Australian Grand Prix,2026,1,38.0,86.82655,86.90593319724762,86.89002614992009,86.8662432709871
STR,Aston Martin,Australian Grand Prix,2026,1,15.0,86.8309,87.15803850720779,87.08953211011192,86.99447030340858
BOR,Audi,Australian Grand Prix,2026,1,6.0,86.83917,86.20846397022382,86.34337370326948,86.52381816675253
GAS,Alpine,Australian Grand Prix,2026,1,3.0,86.86203,86.335198484773,86.44810792283491,86.59861425703494
LAW,Racing Bulls,Australian Grand Prix,2026,1,4.0,86.87277,86.42189651294098,86.51870405094878,86.64733436486893
PER,Cadillac,Australian Grand Prix,2026,1,45.0,86.87552,86.68073302271858,86.7231676070008,86.77812591077335
STR,Aston Martin,Australian Grand Prix,2026,1,14.0,86.88159,87.25530775533454,87.17703812287613,87.06844977610477
PER,Cadillac,Australian Grand Prix,2026,1,50.0,86.88436,86.23977207030573,86.37774326410562,86.56206666869778
COL,Alpine,Australian Grand Prix,2026,1,34.0,86.89197,86.90501967042472,86.90336205530264,86.89849372193112
STR,Aston Martin,Australian Grand Prix,2026,1,33.0,86.9023,87.18303236357502,87.12455926806105,87.04266516860392
GAS,Alpine,Australian Grand Prix,2026,1,20.0,86.908905,86.17353502460082,86.3308451050128,86.54122002694885
SAI,Williams,Australian Grand Prix,2026,1,39.0,86.91397,87.00869331956675,86.98974870774717,86.96133213341619
GAS,Alpine,Australian Grand Prix,2026,1,5.0,86.92296,86.44412010526959,86.54699191855212,86.6835392396465
PER,Cadillac,Australian Grand Prix,2026,1,51.0,86.92765,86.28114548117885,86.41963261086077,86.6043979664195
LAW,Racing Bulls,Australian Grand Prix,2026,1,7.0,86.93792,87.05447507638434,87.03095465031362,86.99619734654178
COL,Alpine,Australian Grand Prix,2026,1,14.0,86.96401,86.53720448377264,86.62913125629578,86.75060831488437
STR,Aston Martin,Australian Grand Prix,2026,1,24.0,86.97398,87.49040489586575,87.38206518651785,87.2321943302571
PER,Cadillac,Australian Grand Prix,2026,1,20.0,86.97612,86.54556578027571,86.63831864388003,86.76084288769644
OCO,Haas,Australian Grand Prix,2026,1,38.0,86.97901,86.945272915753,86.95377054545392,86.96214222569876
ALB,Williams,Australian Grand Prix,2026,1,28.0,86.99458,86.20500446211202,86.37404156429105,86.59979379599741
COL,Alpine,Australian Grand Prix,2026,1,4.0,87.00952,87.15672181525086,87.12687454948302,87.08312164981294
ALB,Williams,Australian Grand Prix,2026,1,31.0,87.021194,86.576466246245,86.67234254074779,86.7988303521264
ALB,Williams,Australian Grand Prix,2026,1,29.0,87.03779,86.44975478979563,86.57610335724888,86.74377159045446
OCO,Haas,Australian Grand Prix,2026,1,5.0,87.044014,86.3474444181502,86.49685594330684,86.69572919760049
SAI,Williams,Australian Grand Prix,2026,1,28.0,87.04642,86.45770136668155,86.58421656404079,86.75205930150483
OCO,Haas,Australian Grand Prix,2026,1,46.0,87.048836,86.82395539977252,86.87321738534047,86.93639557708352
PER,Cadillac,Australian Grand Prix,2026,1,53.0,87.05911,86.29550965555498,86.45919355689884,86.67731110219155
STR,Aston Martin,Australian Grand Prix,2026,1,30.0,87.06867,87.37841636005398,87.3142025401752,87.22354427011487
ALB,Williams,Australian Grand Prix,2026,1,30.0,87.11165,86.61747255034206,86.72407695181171,86.86456055495619
COL,Alpine,Australian Grand Prix,2026,1,3.0,87.12596,87.04395738307035,87.06307443994723,87.08495934339064
ALO,Aston Martin,Australian Grand Prix,2026,1,21.0,87.13357,87.36613867915656,87.31847596016573,87.24985324460758
COL,Alpine,Australian Grand Prix,2026,1,28.0,87.14914,86.46473326202917,86.6118269346405,86.80693633316302
VER,Red Bull,Australian Grand Prix,2026,1,4.0,87.153625,87.03745604542003,87.06389778021762,87.09554076685063
GAS,Alpine,Australian Grand Prix,2026,1,38.0,87.18196,86.16903452104906,86.38597118961917,86.67549779030969
LAW,Racing Bulls,Australian Grand Prix,2026,1,6.0,87.19512,87.08327469097136,87.10890319232301,87.13919822805404
NOR,McLaren,Australian Grand Prix,2026,1,3.0,87.21868,86.68300986825528,86.79869551590514,86.95084560185225
OCO,Haas,Australian Grand Prix,2026,1,20.0,87.229614,86.14101330576756,86.37413932283575,86.68531378179003
PER,Cadillac,Australian Grand Prix,2026,1,21.0,87.27888,87.37207796449084,87.35437636386686,87.32547761139581
COL,Alpine,Australian Grand Prix,2026,1,6.0,87.28755,87.35296806731998,87.34118828824492,87.3202599736014
COL,Alpine,Australian Grand Prix,2026,1,37.0,87.30786,87.43059564056337,87.40669573883449,87.36922848434418
COL,Alpine,Australian Grand Prix,2026,1,5.0,87.31101,87.30059650123975,87.30497853641697,87.30580438465307
COL,Alpine,Australian Grand Prix,2026,1,31.0,87.32445,86.60284967067386,86.75828284066607,86.9636486512549
LAW,Racing Bulls,Australian Grand Prix,2026,1,5.0,87.34353,87.0740110136686,87.13349449394526,87.2087698806136
SAI,Williams,Australian Grand Prix,2026,1,6.0,87.346954,86.90958472500714,87.00471965248167,87.12826953535513
PER,Cadillac,Australian Grand Prix,2026,1,39.0,87.35027,87.43707583522475,87.42091281160423,87.39367448377448
ALB,Williams,Australian Grand Prix,2026,1,5.0,87.37326,87.45446356205349,87.43954755257349,87.41386203005018
SAI,Williams,Australian Grand Prix,2026,1,32.0,87.37394,87.54240501932998,87.50896082113013,87.45817226674507
STR,Aston Martin,Australian Grand Prix,2026,1,23.0,87.38632,87.92884255634581,87.81600018324598,87.6575822889151
ALO,Aston Martin,Australian Grand Prix,2026,1,10.0,87.40603,86.89114386623119,87.00288783185063,87.14858630689488
ALO,Aston Martin,Australian Grand Prix,2026,1,9.0,87.42936,86.79662487233244,86.93345265550022,87.1129921541838
PER,Cadillac,Australian Grand Prix,2026,1,38.0,87.44795,87.3707124586261,87.38962957744818,87.40933236456695
PER,Cadillac,Australian Grand Prix,2026,1,10.0,87.47857,87.42993126110665,87.44285200930616,87.45425014593418
PER,Cadillac,Australian Grand Prix,2026,1,9.0,87.4832,87.19049575722734,87.25525493075958,87.33684791523476
LIN,Racing Bulls,Australian Grand Prix,2026,1,2.0,87.50193,87.48823649976251,87.49379588546986,87.49508336828946
SAI,Williams,Australian Grand Prix,2026,1,41.0,87.50538,87.30256390715594,87.34829124272167,87.40397131515024
PER,Cadillac,Australian Grand Prix,2026,1,14.0,87.50994,87.29937103583002,87.34675667505842,87.40465606845211
SAI,Williams,Australian Grand Prix,2026,1,5.0,87.51751,87.52465476308325,87.52582831890156,87.52108211176623
GAS,Alpine,Australian Grand Prix,2026,1,2.0,87.52119,87.49540366382196,87.5035787446993,87.50829524621761
OCO,Haas,Australian Grand Prix,2026,1,2.0,87.52576,87.05338543376055,87.15640361983876,87.28957113484903
COL,Alpine,Australian Grand Prix,2026,1,38.0,87.5293,87.22498013837927,87.29232137747572,87.37713850668963
VER,Red Bull,Australian Grand Prix,2026,1,3.0,87.53393,86.98548452917878,87.10467695678079,87.25970622332963
PER,Cadillac,Australian Grand Prix,2026,1,30.0,87.566185,87.7110475000773,87.68309995459829,87.63861624881795
SAI,Williams,Australian Grand Prix,2026,1,4.0,87.5801,87.62516438668716,87.61844394805316,87.60263269993538
SAI,Williams,Australian Grand Prix,2026,1,29.0,87.58118,87.92938663007547,87.85829671327241,87.75528169394399
BOT,Cadillac,Australian Grand Prix,2026,1,9.0,87.59941,87.65800735874329,87.64846191469663,87.62870918474275
PER,Cadillac,Australian Grand Prix,2026,1,8.0,87.61458,87.38265902467387,87.43484186837227,87.49861863587209
COL,Alpine,Australian Grand Prix,2026,1,39.0,87.622185,87.45858515443264,87.49627971968145,87.5403849539253
BOT,Cadillac,Australian Grand Prix,2026,1,8.0,87.65246,87.69334373230272,87.6876928477659,87.67290096161034
BEA,Haas,Australian Grand Prix,2026,1,2.0,87.65397,87.33684904096195,87.40722324806752,87.49540892599856
ALO,Aston Martin,Australian Grand Prix,2026,1,3.0,87.65848,87.6064383294874,87.62053494538284,87.63245805634526
ALB,Williams,Australian Grand Prix,2026,1,4.0,87.67316,87.7708394576602,87.75318005277906,87.72199809797073
PER,Cadillac,Australian Grand Prix,2026,1,25.0,87.6775,87.72748206571843,87.7199622320646,87.70248996474399
BOR,Audi,Australian Grand Prix,2026,1,2.0,87.67968,87.41729453291353,87.47611087312589,87.5484872017595
ALO,Aston Martin,Australian Grand Prix,2026,1,4.0,87.68239,87.40000586991948,87.46307535766151,87.54119708779177
COL,Alpine,Australian Grand Prix,2026,1,40.0,87.70662,86.92429981450383,87.0935904124795,87.31545953859957
STR,Aston Martin,Australian Grand Prix,2026,1,16.0,87.709206,87.30856151431453,87.39681109486192,87.50888357087797
BOT,Cadillac,Australian Grand Prix,2026,1,7.0,87.72841,87.76925501750186,87.76380394962352,87.7488319154892
ALB,Williams,Australian Grand Prix,2026,1,3.0,87.736404,87.58790021848309,87.62267725981823,87.66215231871419
SAI,Williams,Australian Grand Prix,2026,1,31.0,87.74323,87.27974518926922,87.38142514888726,87.51148895816
SAI,Williams,Australian Grand Prix,2026,1,30.0,87.744514,87.40982751221085,87.48416031051251,87.57717098877144
BOT,Cadillac,Australian Grand Prix,2026,1,10.0,87.75931,87.70076659357193,87.71649803087102,87.73003722745003
PER,Cadillac,Australian Grand Prix,2026,1,6.0,87.781204,87.67534760500853,87.70118150423774,87.72827591432068
PER,Cadillac,Australian Grand Prix,2026,1,40.0,87.78145,87.86886363780596,87.85365748397624,87.82515600103189
PER,Cadillac,Australian Grand Prix,2026,1,4.0,87.78728,87.70373002475372,87.7248418989836,87.7455036232167
ALO,Aston Martin,Australian Grand Prix,2026,1,2.0,87.82001,87.44323987718803,87.5266986433837,87.63162360070339
PER,Cadillac,Australian Grand Prix,2026,1,7.0,87.83637,87.8112264371338,87.82006075448118,87.82379940631104
STR,Aston Martin,Australian Grand Prix,2026,1,20.0,87.85717,87.84318204149821,87.84969944866143,87.85017607323934
ALB,Williams,Australian Grand Prix,2026,1,2.0,87.88495,87.82724757629303,87.84311734551694,87.85609815338088
PER,Cadillac,Australian Grand Prix,2026,1,5.0,87.91399,87.72233190380595,87.76671939625203,87.81815905493032
PER,Cadillac,Australian Grand Prix,2026,1,15.0,87.91744,87.80300310178269,87.83100293083176,87.86022271178001
BOT,Cadillac,Australian Grand Prix,2026,1,6.0,87.94538,87.9770869557214,87.97412378967135,87.96123406013609
BOT,Cadillac,Australian Grand Prix,2026,1,5.0,87.94675,87.93434841564465,87.94075407853529,87.94054762090826
STR,Aston Martin,Australian Grand Prix,2026,1,8.0,88.04687,87.73161438796586,87.8025826444894,87.88924087928567
STR,Aston Martin,Australian Grand Prix,2026,1,10.0,88.080086,87.64608700730378,87.74235428737548,87.86308638084915
STR,Aston Martin,Australian Grand Prix,2026,1,9.0,88.08515,87.95020842626406,87.98298499727136,88.01768004931367
PER,Cadillac,Australian Grand Prix,2026,1,37.0,88.13569,88.15537043977811,88.15544030536195,88.14552961075819
SAI,Williams,Australian Grand Prix,2026,1,3.0,88.189766,88.03081177164405,88.06895070464817,88.11028885090991
COL,Alpine,Australian Grand Prix,2026,1,2.0,88.217896,88.41929194845653,88.38098249527536,88.31859372813452
STR,Aston Martin,Australian Grand Prix,2026,1,7.0,88.227295,88.23676412990262,88.23923350600447,88.2320295258888
SAI,Williams,Australian Grand Prix,2026,1,2.0,88.2401,87.90909859943415,87.98389746646903,88.07459782266629
ALO,Aston Martin,Australian Grand Prix,2026,1,5.0,88.24269,88.15376655290923,88.177168327651,88.19822879647415
PER,Cadillac,Australian Grand Prix,2026,1,22.0,88.24416,88.3479304496235,88.33041852845517,88.29604698140355
PER,Cadillac,Australian Grand Prix,2026,1,3.0,88.32328,88.28474517955242,88.29765009776604,88.30401275701254
STR,Aston Martin,Australian Grand Prix,2026,1,5.0,88.34376,88.23620418749566,88.26381653943035,88.2899809084451
STR,Aston Martin,Australian Grand Prix,2026,1,6.0,88.364296,88.22684088123788,88.26085452502872,88.29556842035527
BOT,Cadillac,Australian Grand Prix,2026,1,4.0,88.40245,88.09276394765062,88.16344659121935,88.24760725458702
STR,Aston Martin,Australian Grand Prix,2026,1,22.0,88.42799,88.16494999487615,88.22579257340837,88.29647188464511
PER,Cadillac,Australian Grand Prix,2026,1,29.0,88.435814,88.37653184735643,88.39412598903323,88.40617287558251
PER,Cadillac,Australian Grand Prix,2026,1,26.0,88.4704,88.3912852416858,88.41317754145615,88.43084159545228
PER,Cadillac,Australian Grand Prix,2026,1,17.0,88.47234,88.39735274555852,88.41837465443817,88.43484809519137
STR,Aston Martin,Australian Grand Prix,2026,1,4.0,88.50141,88.2892411165213,88.33946595702245,88.39532627725478
PER,Cadillac,Australian Grand Prix,2026,1,23.0,88.50265,88.18629082830753,88.25864240172271,88.34446911410494
LAW,Racing Bulls,Australian Grand Prix,2026,1,2.0,88.516,88.43362714336223,88.45632643415134,88.47481299184713
STR,Aston Martin,Australian Grand Prix,2026,1,21.0,88.56021,87.71773376355534,87.9019505291968,88.13897247259798
ALO,Aston Martin,Australian Grand Prix,2026,1,7.0,88.60387,88.24485281704287,88.32651767093806,88.42435969709565
PER,Cadillac,Australian Grand Prix,2026,1,27.0,88.61185,88.12162691636038,88.23117311509475,88.36673692009425
PER,Cadillac,Australian Grand Prix,2026,1,34.0,88.653496,88.45900010840496,88.50585518390473,88.55624794848958
PER,Cadillac,Australian Grand Prix,2026,1,41.0,88.69807,88.51584644737068,88.5602072360848,88.60695657939823
PER,Cadillac,Australian Grand Prix,2026,1,36.0,88.82079,89.51958138600683,89.37717221665064,89.17018726893116
STR,Aston Martin,Australian Grand Prix,2026,1,3.0,88.853004,88.39306057840915,88.49678567031063,88.62303251698778
STR,Aston Martin,Australian Grand Prix,2026,1,2.0,88.90558,88.48439597020666,88.58002277184808,88.69498729174396
ALO,Aston Martin,Australian Grand Prix,2026,1,6.0,88.97169,88.26569929307449,88.42197025999842,88.6186933049845
STR,Aston Martin,Australian Grand Prix,2026,1,25.0,88.99157,88.63952837185427,88.72068997184346,88.81554894544863
PER,Cadillac,Australian Grand Prix,2026,1,42.0,89.404495,88.5301647658208,88.72327377686622,88.96733000253931
PER,Cadillac,Australian Grand Prix,2026,1,31.0,89.44494,89.14436354762391,89.21573939526964,89.29465110364595
PER,Cadillac,Australian Grand Prix,2026,1,24.0,89.45087,89.22021927627796,89.27676114662704,89.33554298774835
PER,Cadillac,Australian Grand Prix,2026,1,2.0,89.475006,88.60182636674033,88.79486877297387,89.03841623512798
PER,Cadillac,Australian Grand Prix,2026,1,28.0,89.69468,89.36487251450826,89.44308517580309,89.52977588738108
PER,Cadillac,Australian Grand Prix,2026,1,35.0,89.9344,89.30830845899533,89.45004108997843,89.62135546240782
BOT,Cadillac,Australian Grand Prix,2026,1,14.0,91.31108,91.31198714912405,91.32404874786145,91.31153404087061
BOT,Cadillac,Australian Grand Prix,2026,1,15.0,91.62259,91.19222117603846,91.29664774155788,91.40740514368329
