Driver,Team,EventName,Season,RoundNumber,LapNumber,predicted_laptime_xgb_s,predicted_laptime_lgb_s,ensemble_laptime_s
ALO,Aston Martin,Chinese Grand Prix,2026,2,2.0,102.30267,102.22588776220164,102.2642805510227
ALO,Aston Martin,Chinese Grand Prix,2026,2,3.0,101.60217,101.77100294349854,101.68658789753053
ALO,Aston Martin,Chinese Grand Prix,2026,2,4.0,101.10191,100.96294147675557,101.03242746445201
ALO,Aston Martin,Chinese Grand Prix,2026,2,5.0,100.958916,100.9727817224733,100.96584871646127
ALO,Aston Martin,Chinese Grand Prix,2026,2,6.0,101.14519,101.95065265970071,101.5479200188152
ALO,Aston Martin,Chinese Grand Prix,2026,2,7.0,101.65396,101.60958967973002,101.63177543068532
ALO,Aston Martin,Chinese Grand Prix,2026,2,8.0,101.603485,101.56782613870874,101.5856556230653
ALO,Aston Martin,Chinese Grand Prix,2026,2,9.0,101.40241,101.37073764476956,101.38657502966018
ALO,Aston Martin,Chinese Grand Prix,2026,2,15.0,101.121216,101.09911133317107,101.11016357674178
ALO,Aston Martin,Chinese Grand Prix,2026,2,16.0,100.799835,100.88099815155181,100.84041667831497
ALO,Aston Martin,Chinese Grand Prix,2026,2,17.0,100.39817,100.34078269482283,100.36947658300713
ALO,Aston Martin,Chinese Grand Prix,2026,2,18.0,100.519196,100.58760932242751,100.55340243953407
ALO,Aston Martin,Chinese Grand Prix,2026,2,19.0,100.63353,100.5876005058812,100.61056508448357
ALO,Aston Martin,Chinese Grand Prix,2026,2,20.0,100.73017,100.7483125534938,100.73924187855354
ALO,Aston Martin,Chinese Grand Prix,2026,2,21.0,100.056816,100.05861340014387,100.05771475060905
ALO,Aston Martin,Chinese Grand Prix,2026,2,22.0,99.93033,99.90128223838722,99.91580530376393
ALO,Aston Martin,Chinese Grand Prix,2026,2,23.0,99.77019,99.73036229409594,99.7502748360128
ALO,Aston Martin,Chinese Grand Prix,2026,2,24.0,99.80549,99.7984892814478,99.8019889339368
ALO,Aston Martin,Chinese Grand Prix,2026,2,25.0,99.74082,99.72795716425509,99.734389501317
ALO,Aston Martin,Chinese Grand Prix,2026,2,26.0,99.68196,99.7176613693929,99.6998112144816
ALO,Aston Martin,Chinese Grand Prix,2026,2,27.0,99.93437,99.9558757214418,99.945123834842
ALO,Aston Martin,Chinese Grand Prix,2026,2,28.0,99.82091,99.83541802066367,99.82816280671855
ALO,Aston Martin,Chinese Grand Prix,2026,2,29.0,99.98603,100.02597109844471,100.00600083852899
ALO,Aston Martin,Chinese Grand Prix,2026,2,30.0,100.05658,99.95620062261443,100.00639010622909
ANT,Mercedes,Chinese Grand Prix,2026,2,4.0,97.31607,97.33653954153303,97.32630504908683
ANT,Mercedes,Chinese Grand Prix,2026,2,5.0,97.407936,97.36518224491039,97.3865591705509
ANT,Mercedes,Chinese Grand Prix,2026,2,6.0,97.30153,97.34691053225662,97.32421973146035
ANT,Mercedes,Chinese Grand Prix,2026,2,7.0,97.30694,97.35155725544901,97.32924771341786
ANT,Mercedes,Chinese Grand Prix,2026,2,8.0,97.3027,97.2870943947501,97.29489531138873
ANT,Mercedes,Chinese Grand Prix,2026,2,9.0,97.347694,97.34998841057117,97.34884140377191
ANT,Mercedes,Chinese Grand Prix,2026,2,16.0,96.578255,96.57752219204541,96.57788844587623
ANT,Mercedes,Chinese Grand Prix,2026,2,17.0,96.57706,96.54949020642376,96.56327354559468
ANT,Mercedes,Chinese Grand Prix,2026,2,18.0,96.684975,96.6495629033843,96.66726878689722
ANT,Mercedes,Chinese Grand Prix,2026,2,19.0,96.873184,96.83272191509114,96.85295305959636
ANT,Mercedes,Chinese Grand Prix,2026,2,20.0,96.90073,96.8806902724083,96.89070829538383
ANT,Mercedes,Chinese Grand Prix,2026,2,21.0,96.857956,96.81363334473865,96.83579463867792
ANT,Mercedes,Chinese Grand Prix,2026,2,22.0,96.71413,96.76124516314563,96.73768587502985
ANT,Mercedes,Chinese Grand Prix,2026,2,23.0,96.71468,96.80766093099326,96.76117223185406
ANT,Mercedes,Chinese Grand Prix,2026,2,24.0,96.63196,96.68521174592779,96.65858487687015
ANT,Mercedes,Chinese Grand Prix,2026,2,25.0,96.59743,96.5758352226725,96.58663129541827
ANT,Mercedes,Chinese Grand Prix,2026,2,26.0,96.57058,96.53408877962845,96.55233415421853
ANT,Mercedes,Chinese Grand Prix,2026,2,27.0,96.60198,96.56455997928059,96.58327104798991
ANT,Mercedes,Chinese Grand Prix,2026,2,28.0,96.61172,96.57767983115808,96.5946985276396
ANT,Mercedes,Chinese Grand Prix,2026,2,29.0,96.47192,96.54429877165121,96.50810748519083
ANT,Mercedes,Chinese Grand Prix,2026,2,30.0,96.27711,96.37764675667174,96.32737699772063
ANT,Mercedes,Chinese Grand Prix,2026,2,31.0,96.102875,95.99636158879774,96.04961817232856
ANT,Mercedes,Chinese Grand Prix,2026,2,32.0,95.9686,95.92625120232175,95.94742430721556
ANT,Mercedes,Chinese Grand Prix,2026,2,33.0,96.17647,96.17487474044613,96.17567131797696
ANT,Mercedes,Chinese Grand Prix,2026,2,34.0,96.15537,96.18650952125456,96.17094107044173
ANT,Mercedes,Chinese Grand Prix,2026,2,35.0,96.19154,96.08774929225233,96.13964643567695
ANT,Mercedes,Chinese Grand Prix,2026,2,36.0,95.999695,95.87708706541851,95.93839094481862
ANT,Mercedes,Chinese Grand Prix,2026,2,37.0,96.01666,95.9517759303035,95.98421926397987
ANT,Mercedes,Chinese Grand Prix,2026,2,38.0,95.81682,95.6193787485546,95.71809849292964
ANT,Mercedes,Chinese Grand Prix,2026,2,39.0,95.617226,95.48939307866696,95.55330936281982
ANT,Mercedes,Chinese Grand Prix,2026,2,40.0,95.665215,95.7575341012683,95.71137431992126
ANT,Mercedes,Chinese Grand Prix,2026,2,41.0,95.49709,95.53347934177341,95.5152862712285
ANT,Mercedes,Chinese Grand Prix,2026,2,42.0,95.79734,95.75193071561269,95.77463555433954
ANT,Mercedes,Chinese Grand Prix,2026,2,43.0,95.78252,95.82163395678818,95.80207521814017
ANT,Mercedes,Chinese Grand Prix,2026,2,44.0,95.65316,95.58312002618482,95.61814006069983
ANT,Mercedes,Chinese Grand Prix,2026,2,45.0,95.52154,95.34615170413029,95.43384474244601
ANT,Mercedes,Chinese Grand Prix,2026,2,46.0,95.40716,95.27946731205773,95.34331260500348
ANT,Mercedes,Chinese Grand Prix,2026,2,47.0,95.415504,95.27555634498711,95.34553040027676
ANT,Mercedes,Chinese Grand Prix,2026,2,48.0,95.46583,95.38616208301067,95.4259950124526
ANT,Mercedes,Chinese Grand Prix,2026,2,49.0,95.56447,95.4171463284408,95.49080735611493
ANT,Mercedes,Chinese Grand Prix,2026,2,50.0,95.561806,95.4474773676507,95.50464154637419
ANT,Mercedes,Chinese Grand Prix,2026,2,51.0,95.734886,95.59186084900279,95.66337350921819
ANT,Mercedes,Chinese Grand Prix,2026,2,52.0,95.56264,95.4741774993598,95.51840741423068
ANT,Mercedes,Chinese Grand Prix,2026,2,53.0,96.3172,97.53743072776166,96.92731521739645
ANT,Mercedes,Chinese Grand Prix,2026,2,54.0,96.638374,96.3397263860733,96.48905035734329
ANT,Mercedes,Chinese Grand Prix,2026,2,55.0,96.82897,96.59232343916226,96.71064765097762
ANT,Mercedes,Chinese Grand Prix,2026,2,56.0,96.5724,96.5506556618715,96.56152930798653
BEA,Haas,Chinese Grand Prix,2026,2,3.0,99.67456,99.6977010028348,99.6861307748549
BEA,Haas,Chinese Grand Prix,2026,2,4.0,99.2805,99.10656562284663,99.19353397109128
BEA,Haas,Chinese Grand Prix,2026,2,5.0,99.38437,99.23374741529997,99.30905815589217
BEA,Haas,Chinese Grand Prix,2026,2,6.0,98.98417,98.90167493870041,98.94292197252403
BEA,Haas,Chinese Grand Prix,2026,2,7.0,99.1317,99.08548680987674,99.10859270913758
BEA,Haas,Chinese Grand Prix,2026,2,8.0,99.04498,99.02170743212896,99.0333451711426
BEA,Haas,Chinese Grand Prix,2026,2,9.0,99.57752,99.53958002696773,99.55855115239987
BEA,Haas,Chinese Grand Prix,2026,2,16.0,98.24583,98.28950913957871,98.26766793038506
BEA,Haas,Chinese Grand Prix,2026,2,17.0,98.30635,98.27851253362232,98.29243162081507
BEA,Haas,Chinese Grand Prix,2026,2,18.0,98.22799,98.29075569334749,98.25937244506241
BEA,Haas,Chinese Grand Prix,2026,2,22.0,98.141846,98.07899792234379,98.11042181273439
BEA,Haas,Chinese Grand Prix,2026,2,23.0,97.82083,97.84044131198266,97.83063630540539
BEA,Haas,Chinese Grand Prix,2026,2,24.0,97.77461,97.80295502071377,97.78878372373579
BEA,Haas,Chinese Grand Prix,2026,2,25.0,97.71955,97.73679969553474,97.72817539098025
BEA,Haas,Chinese Grand Prix,2026,2,26.0,97.64334,97.59636857441902,97.61985481943607
BEA,Haas,Chinese Grand Prix,2026,2,27.0,97.4516,97.36566006814131,97.40862959461754
BEA,Haas,Chinese Grand Prix,2026,2,28.0,97.411026,97.38965801294059,97.40034200695857
BEA,Haas,Chinese Grand Prix,2026,2,29.0,97.5812,97.55711001517052,97.5691548305833
BEA,Haas,Chinese Grand Prix,2026,2,30.0,97.56924,97.5800943339087,97.5746655446399
BEA,Haas,Chinese Grand Prix,2026,2,31.0,97.522545,97.5304724547304,97.52650865778512
BEA,Haas,Chinese Grand Prix,2026,2,32.0,97.40161,97.33781443650285,97.36971288231393
BEA,Haas,Chinese Grand Prix,2026,2,33.0,97.41061,97.35735113074749,97.38397875751241
BEA,Haas,Chinese Grand Prix,2026,2,34.0,97.313896,97.35487034905701,97.33438326412812
BEA,Haas,Chinese Grand Prix,2026,2,35.0,97.30367,97.28831708457243,97.29599493754989
BEA,Haas,Chinese Grand Prix,2026,2,36.0,97.441345,97.35925556639128,97.40030039061752
BEA,Haas,Chinese Grand Prix,2026,2,37.0,97.34509,97.37660132470648,97.36084704907199
BEA,Haas,Chinese Grand Prix,2026,2,38.0,97.31167,97.27827576057862,97.29497207828736
BEA,Haas,Chinese Grand Prix,2026,2,39.0,97.18794,97.15287771983361,97.17041011235821
BEA,Haas,Chinese Grand Prix,2026,2,40.0,97.049515,97.14297202381407,97.09624339716095
BEA,Haas,Chinese Grand Prix,2026,2,41.0,97.05149,96.99273327026464,97.02211202697802
BEA,Haas,Chinese Grand Prix,2026,2,42.0,97.350525,97.4447211934191,97.39762304788142
BEA,Haas,Chinese Grand Prix,2026,2,43.0,97.35891,97.38677334878035,97.37284147785698
BEA,Haas,Chinese Grand Prix,2026,2,44.0,97.48785,97.51878999070236,97.50331818260705
BEA,Haas,Chinese Grand Prix,2026,2,45.0,97.30934,97.27765219448709,97.29349681257557
BEA,Haas,Chinese Grand Prix,2026,2,46.0,97.32159,97.29617854061445,97.30888257475058
BEA,Haas,Chinese Grand Prix,2026,2,47.0,97.02265,96.9575019612639,96.9900768168136
BEA,Haas,Chinese Grand Prix,2026,2,48.0,97.02095,97.02000639079995,97.02047835409138
BEA,Haas,Chinese Grand Prix,2026,2,49.0,97.234665,97.21127293055679,97.22296892377449
BEA,Haas,Chinese Grand Prix,2026,2,50.0,97.31954,96.79458276978168,97.05706235046702
BEA,Haas,Chinese Grand Prix,2026,2,51.0,97.25184,97.1816700207935,97.21675435243776
BEA,Haas,Chinese Grand Prix,2026,2,52.0,96.83104,96.7676368190848,96.79933812389787
BEA,Haas,Chinese Grand Prix,2026,2,53.0,96.70504,96.74625781094062,96.72564889448398
BEA,Haas,Chinese Grand Prix,2026,2,54.0,96.71596,96.76993881136495,96.74294822648326
BEA,Haas,Chinese Grand Prix,2026,2,55.0,96.72752,96.77932844742257,96.75342612556676
BEA,Haas,Chinese Grand Prix,2026,2,56.0,96.600204,96.56810691191306,96.58415568984324
BOT,Cadillac,Chinese Grand Prix,2026,2,2.0,101.63322,101.38115280517377,101.50718483154196
BOT,Cadillac,Chinese Grand Prix,2026,2,3.0,101.714226,101.41573397885668,101.56497987394982
BOT,Cadillac,Chinese Grand Prix,2026,2,4.0,101.24118,101.21848474734621,101.22983258363405
BOT,Cadillac,Chinese Grand Prix,2026,2,5.0,101.32716,101.2923587914857,101.30976124388738
BOT,Cadillac,Chinese Grand Prix,2026,2,6.0,100.6913,100.71691749775681,100.70410846811669
BOT,Cadillac,Chinese Grand Prix,2026,2,7.0,100.70647,100.72036727117836,100.71341697299152
BOT,Cadillac,Chinese Grand Prix,2026,2,8.0,100.675446,100.62129823401678,100.6483718953287
BOT,Cadillac,Chinese Grand Prix,2026,2,9.0,101.193886,101.17959591136012,101.1867408572914
BOT,Cadillac,Chinese Grand Prix,2026,2,15.0,99.93769,99.87911939604976,99.90840506545652
BOT,Cadillac,Chinese Grand Prix,2026,2,16.0,99.78288,99.75720572765721,99.77004420904345
BOT,Cadillac,Chinese Grand Prix,2026,2,17.0,99.918755,99.91862061230185,99.91868759496928
BOT,Cadillac,Chinese Grand Prix,2026,2,18.0,99.94588,99.94169866577803,99.94378787048667
BOT,Cadillac,Chinese Grand Prix,2026,2,19.0,100.132324,100.19001021894596,100.16116721884798
BOT,Cadillac,Chinese Grand Prix,2026,2,20.0,100.12393,100.14827587528104,100.13610388002334
BOT,Cadillac,Chinese Grand Prix,2026,2,21.0,100.090256,100.12844010713775,100.10934792222122
BOT,Cadillac,Chinese Grand Prix,2026,2,22.0,99.922714,99.87599233741815,99.8993532854083
BOT,Cadillac,Chinese Grand Prix,2026,2,23.0,99.93956,99.93496221631412,99.93726107641878
BOT,Cadillac,Chinese Grand Prix,2026,2,24.0,99.80018,99.81625016095975,99.80821434439589
BOT,Cadillac,Chinese Grand Prix,2026,2,25.0,99.841576,99.82216688633369,99.83187125444614
BOT,Cadillac,Chinese Grand Prix,2026,2,26.0,99.786865,99.80651307237223,99.79668915337362
BOT,Cadillac,Chinese Grand Prix,2026,2,27.0,100.549576,101.05183109467816,100.80070345017111
BOT,Cadillac,Chinese Grand Prix,2026,2,28.0,100.116615,100.18151429334173,100.14906479437595
BOT,Cadillac,Chinese Grand Prix,2026,2,29.0,99.94448,99.908622818043,99.92655185701955
BOT,Cadillac,Chinese Grand Prix,2026,2,30.0,99.58342,99.3911670137223,99.48729340676348
BOT,Cadillac,Chinese Grand Prix,2026,2,31.0,99.5825,99.53363152468731,99.55806408387686
BOT,Cadillac,Chinese Grand Prix,2026,2,32.0,99.60148,99.56464896479997,99.58306377073006
BOT,Cadillac,Chinese Grand Prix,2026,2,34.0,99.59921,99.5956640455832,99.59743834603378
BOT,Cadillac,Chinese Grand Prix,2026,2,35.0,99.57184,99.55588843593252,99.56386340741938
BOT,Cadillac,Chinese Grand Prix,2026,2,36.0,99.97586,99.78246379467616,99.87916219518965
BOT,Cadillac,Chinese Grand Prix,2026,2,37.0,99.84823,99.64484074998809,99.74653460228896
BOT,Cadillac,Chinese Grand Prix,2026,2,38.0,100.08341,99.94909197982155,100.01625207511586
BOT,Cadillac,Chinese Grand Prix,2026,2,39.0,99.59681,99.6176740144279,99.60724170081747
BOT,Cadillac,Chinese Grand Prix,2026,2,40.0,100.12623,99.92454478119389,100.02538655685672
BOT,Cadillac,Chinese Grand Prix,2026,2,41.0,100.21299,100.24070689612505,100.22684835162698
BOT,Cadillac,Chinese Grand Prix,2026,2,42.0,99.80054,99.73161632116299,99.766076715269
BOT,Cadillac,Chinese Grand Prix,2026,2,43.0,99.55534,99.38765761454076,99.47150062123522
BOT,Cadillac,Chinese Grand Prix,2026,2,44.0,98.99701,98.97881346068546,98.9879113690146
BOT,Cadillac,Chinese Grand Prix,2026,2,45.0,99.8926,99.70011765135195,99.79635933226777
BOT,Cadillac,Chinese Grand Prix,2026,2,46.0,99.82283,99.71696109738274,99.76989564878903
BOT,Cadillac,Chinese Grand Prix,2026,2,47.0,99.66832,99.58670410083238,99.62751190149041
BOT,Cadillac,Chinese Grand Prix,2026,2,48.0,99.09317,99.0768904872843,99.08503032664996
BOT,Cadillac,Chinese Grand Prix,2026,2,49.0,99.046135,99.00835648093573,99.0272457148331
BOT,Cadillac,Chinese Grand Prix,2026,2,50.0,99.1818,99.12027623028642,99.1510385362858
BOT,Cadillac,Chinese Grand Prix,2026,2,51.0,99.453964,99.20960201049662,99.33178312194752
BOT,Cadillac,Chinese Grand Prix,2026,2,52.0,99.43537,99.42983567845167,99.43260353868872
BOT,Cadillac,Chinese Grand Prix,2026,2,53.0,99.4324,99.43622549515707,99.4343145298051
BOT,Cadillac,Chinese Grand Prix,2026,2,54.0,99.40435,99.39440326915891,99.39937677496032
BOT,Cadillac,Chinese Grand Prix,2026,2,55.0,99.06357,98.92012912474257,98.99184861998847
COL,Alpine,Chinese Grand Prix,2026,2,2.0,99.256516,99.20543785788863,99.23097668040916
COL,Alpine,Chinese Grand Prix,2026,2,3.0,98.97733,98.98199417807402,98.97966362346084
COL,Alpine,Chinese Grand Prix,2026,2,4.0,98.98849,99.00979792764747,98.9991425856499
COL,Alpine,Chinese Grand Prix,2026,2,5.0,98.91002,98.84364285322543,98.87683088706194
COL,Alpine,Chinese Grand Prix,2026,2,6.0,98.906746,98.83845882064281,98.87260236564367
COL,Alpine,Chinese Grand Prix,2026,2,7.0,98.75843,98.73969941531323,98.74906494813513
COL,Alpine,Chinese Grand Prix,2026,2,8.0,98.923096,98.87933574835198,98.9012157257385
COL,Alpine,Chinese Grand Prix,2026,2,9.0,98.96832,98.91254302199006,98.94043288794816
COL,Alpine,Chinese Grand Prix,2026,2,14.0,99.29699,99.3792460471969,99.33811774405743
COL,Alpine,Chinese Grand Prix,2026,2,15.0,99.07133,99.0132672818047,99.04229724563868
COL,Alpine,Chinese Grand Prix,2026,2,16.0,99.53397,99.53036707269948,99.53217038327357
COL,Alpine,Chinese Grand Prix,2026,2,17.0,98.855484,98.85457661046364,98.85503030962636
COL,Alpine,Chinese Grand Prix,2026,2,18.0,99.00818,99.03519772235771,99.0216882166476
COL,Alpine,Chinese Grand Prix,2026,2,19.0,98.819115,98.79714530475249,98.80812999490554
COL,Alpine,Chinese Grand Prix,2026,2,20.0,99.14527,99.09364823887778,99.11945977007366
COL,Alpine,Chinese Grand Prix,2026,2,21.0,99.2785,99.35265514991173,99.31557928394024
COL,Alpine,Chinese Grand Prix,2026,2,22.0,99.17278,99.10558530264048,99.13918410029484
COL,Alpine,Chinese Grand Prix,2026,2,23.0,98.90595,98.84580144729999,98.87587695045664
COL,Alpine,Chinese Grand Prix,2026,2,24.0,98.67742,98.65753845901442,98.66748001441931
COL,Alpine,Chinese Grand Prix,2026,2,25.0,98.54133,98.50504411360919,98.52318627189248
COL,Alpine,Chinese Grand Prix,2026,2,26.0,98.259254,98.20265852406725,98.23095648981683
COL,Alpine,Chinese Grand Prix,2026,2,27.0,98.24036,98.2290467689781,98.2347016071453
COL,Alpine,Chinese Grand Prix,2026,2,28.0,98.54646,98.67944991372916,98.61295646321224
COL,Alpine,Chinese Grand Prix,2026,2,29.0,98.760086,98.80327971436506,98.78168288696769
COL,Alpine,Chinese Grand Prix,2026,2,30.0,98.779564,98.77585150296309,98.77770770338584
COL,Alpine,Chinese Grand Prix,2026,2,31.0,98.17524,98.09845400683471,98.1368467849115
COL,Alpine,Chinese Grand Prix,2026,2,34.0,97.235245,97.19294810566943,97.21409642832299
COL,Alpine,Chinese Grand Prix,2026,2,35.0,97.00462,97.02603882418057,97.01533111863326
COL,Alpine,Chinese Grand Prix,2026,2,36.0,96.98887,97.0506951971117,97.01978195524529
COL,Alpine,Chinese Grand Prix,2026,2,37.0,96.96381,96.95653948325344,96.96017663249586
COL,Alpine,Chinese Grand Prix,2026,2,38.0,96.96285,96.96108599163932,96.96196923483333
COL,Alpine,Chinese Grand Prix,2026,2,39.0,97.02081,97.0184156062765,97.01961429727888
COL,Alpine,Chinese Grand Prix,2026,2,40.0,96.972946,96.98602828410769,96.97948722554995
COL,Alpine,Chinese Grand Prix,2026,2,41.0,97.31594,97.27659632301867,97.29626858997614
COL,Alpine,Chinese Grand Prix,2026,2,42.0,97.408585,97.44211499627471,97.42534979550064
COL,Alpine,Chinese Grand Prix,2026,2,43.0,97.46166,97.47889055050133,97.4702764214909
COL,Alpine,Chinese Grand Prix,2026,2,44.0,97.34693,97.36597445411071,97.35645295581512
COL,Alpine,Chinese Grand Prix,2026,2,45.0,97.32512,97.289493762974,97.30730639076435
COL,Alpine,Chinese Grand Prix,2026,2,46.0,97.29877,97.20637993022106,97.2525735100324
COL,Alpine,Chinese Grand Prix,2026,2,47.0,97.39125,97.36052055041935,97.37588558038546
COL,Alpine,Chinese Grand Prix,2026,2,48.0,97.506096,97.43515249706411,97.47062419164729
COL,Alpine,Chinese Grand Prix,2026,2,50.0,97.6034,97.62000203346082,97.61170160877143
COL,Alpine,Chinese Grand Prix,2026,2,51.0,97.71262,97.72806305632723,97.72034332625933
COL,Alpine,Chinese Grand Prix,2026,2,52.0,97.83851,97.84304264144045,97.84077562369873
COL,Alpine,Chinese Grand Prix,2026,2,54.0,98.35052,98.31601529398712,98.33326628346816
COL,Alpine,Chinese Grand Prix,2026,2,55.0,98.461876,98.46195014410567,98.46191302981651
GAS,Alpine,Chinese Grand Prix,2026,2,2.0,98.93469,98.90134446569795,98.91801842425522
GAS,Alpine,Chinese Grand Prix,2026,2,3.0,98.92197,98.92395353791669,98.92296004532554
GAS,Alpine,Chinese Grand Prix,2026,2,4.0,98.91358,98.91920098963921,98.91639141889186
GAS,Alpine,Chinese Grand Prix,2026,2,5.0,98.66547,98.64358698240376,98.65452664549875
GAS,Alpine,Chinese Grand Prix,2026,2,6.0,98.44378,98.43018914146829,98.43698406658376
GAS,Alpine,Chinese Grand Prix,2026,2,7.0,98.44404,98.41419837238513,98.4291183817492
GAS,Alpine,Chinese Grand Prix,2026,2,8.0,98.46249,98.47589010602154,98.4691881865557
GAS,Alpine,Chinese Grand Prix,2026,2,9.0,98.54412,98.58974924310641,98.56693501584031
GAS,Alpine,Chinese Grand Prix,2026,2,15.0,98.93278,98.8877998785218,98.91028864165348
GAS,Alpine,Chinese Grand Prix,2026,2,16.0,98.72147,98.69338580699736,98.7074297504225
GAS,Alpine,Chinese Grand Prix,2026,2,17.0,98.5678,98.50613907541526,98.53697075230724
GAS,Alpine,Chinese Grand Prix,2026,2,18.0,98.0457,98.01439818925608,98.03004913124914
GAS,Alpine,Chinese Grand Prix,2026,2,23.0,98.00691,97.98095641635598,97.99393432390065
GAS,Alpine,Chinese Grand Prix,2026,2,24.0,98.00605,97.97955924268743,97.99280467627536
GAS,Alpine,Chinese Grand Prix,2026,2,25.0,98.43736,98.22031639204386,98.32883953147115
GAS,Alpine,Chinese Grand Prix,2026,2,26.0,98.23492,98.23178805878698,98.23335237289935
GAS,Alpine,Chinese Grand Prix,2026,2,27.0,98.183624,98.24600791517187,98.214816091375
GAS,Alpine,Chinese Grand Prix,2026,2,28.0,98.04542,98.04646338227401,98.04594058395926
GAS,Alpine,Chinese Grand Prix,2026,2,29.0,97.95124,97.93459077995938,97.94291565975507
GAS,Alpine,Chinese Grand Prix,2026,2,30.0,97.97507,97.97467983777746,97.97487348822466
GAS,Alpine,Chinese Grand Prix,2026,2,31.0,97.68417,97.63484260444193,97.65950809421315
GAS,Alpine,Chinese Grand Prix,2026,2,32.0,97.59124,97.52570118816736,97.5584705586833
GAS,Alpine,Chinese Grand Prix,2026,2,33.0,97.21956,97.20399908152498,97.21177889867265
GAS,Alpine,Chinese Grand Prix,2026,2,34.0,97.230225,97.1485422468527,97.18938342811384
GAS,Alpine,Chinese Grand Prix,2026,2,35.0,97.20089,97.15014395934281,97.17551677337258
GAS,Alpine,Chinese Grand Prix,2026,2,36.0,97.22521,97.17107148059488,97.19814178888143
GAS,Alpine,Chinese Grand Prix,2026,2,37.0,97.03951,96.98093039747172,97.01022151587453
GAS,Alpine,Chinese Grand Prix,2026,2,38.0,96.789276,96.72080922519832,96.75504267412259
GAS,Alpine,Chinese Grand Prix,2026,2,39.0,96.694046,96.64649238154794,96.67026920102788
GAS,Alpine,Chinese Grand Prix,2026,2,40.0,96.700386,96.74956679041937,96.72497641889132
GAS,Alpine,Chinese Grand Prix,2026,2,41.0,96.993675,97.06763155591317,97.03065339392339
GAS,Alpine,Chinese Grand Prix,2026,2,42.0,97.0352,97.17773889773945,97.10647046205332
GAS,Alpine,Chinese Grand Prix,2026,2,43.0,97.12826,97.09264133598252,97.11044954372369
GAS,Alpine,Chinese Grand Prix,2026,2,44.0,96.85664,96.92025103662192,96.88844735668987
GAS,Alpine,Chinese Grand Prix,2026,2,45.0,96.853264,96.76957581182053,96.81141983340049
GAS,Alpine,Chinese Grand Prix,2026,2,46.0,96.87792,96.76719210525819,96.82255708168182
GAS,Alpine,Chinese Grand Prix,2026,2,47.0,97.100266,97.1119151708186,97.10609033687415
GAS,Alpine,Chinese Grand Prix,2026,2,48.0,97.10588,97.07172116854863,97.08880095292666
GAS,Alpine,Chinese Grand Prix,2026,2,49.0,97.16033,97.12597134955418,97.14315153781419
GAS,Alpine,Chinese Grand Prix,2026,2,50.0,96.93199,96.91329887481862,96.92264522598353
GAS,Alpine,Chinese Grand Prix,2026,2,51.0,96.81994,96.74689703344002,96.78341784655399
GAS,Alpine,Chinese Grand Prix,2026,2,52.0,96.85581,96.75118120908077,96.80349664091733
GAS,Alpine,Chinese Grand Prix,2026,2,53.0,96.62149,96.57839575456472,96.59994311654017
GAS,Alpine,Chinese Grand Prix,2026,2,54.0,96.6179,96.57392500501241,96.59591101935192
GAS,Alpine,Chinese Grand Prix,2026,2,55.0,96.59932,96.55428965229707,96.57680455515245
GAS,Alpine,Chinese Grand Prix,2026,2,56.0,96.624535,96.5809267366077,96.60273067177064
HAD,Red Bull,Chinese Grand Prix,2026,2,3.0,98.73584,98.77606637013673,98.75595310694337
HAD,Red Bull,Chinese Grand Prix,2026,2,4.0,98.92035,98.87789306523005,98.89912109316191
HAD,Red Bull,Chinese Grand Prix,2026,2,5.0,98.916084,98.877038755871,98.8965615227109
HAD,Red Bull,Chinese Grand Prix,2026,2,6.0,98.57968,98.58498594377825,98.5823336701313
HAD,Red Bull,Chinese Grand Prix,2026,2,7.0,98.40013,98.4396954214679,98.41991332352691
HAD,Red Bull,Chinese Grand Prix,2026,2,8.0,98.44382,98.49008292644582,98.46695003255886
HAD,Red Bull,Chinese Grand Prix,2026,2,9.0,98.6547,98.60801735180131,98.63135929235574
HAD,Red Bull,Chinese Grand Prix,2026,2,15.0,99.18669,99.19718965931345,99.19194047174656
HAD,Red Bull,Chinese Grand Prix,2026,2,17.0,99.024445,98.98168228857207,99.0030634343251
HAD,Red Bull,Chinese Grand Prix,2026,2,18.0,98.93315,98.8748063750189,98.90397881006805
HAD,Red Bull,Chinese Grand Prix,2026,2,19.0,98.91073,98.8326475262417,98.87168799041578
HAD,Red Bull,Chinese Grand Prix,2026,2,21.0,98.91754,98.69132788826597,98.8044346960861
HAD,Red Bull,Chinese Grand Prix,2026,2,22.0,98.6918,98.66510572228313,98.67845435039938
HAD,Red Bull,Chinese Grand Prix,2026,2,23.0,98.625336,98.58317547614637,98.60425558475288
HAD,Red Bull,Chinese Grand Prix,2026,2,24.0,98.46625,98.48041249461943,98.47333002660659
HAD,Red Bull,Chinese Grand Prix,2026,2,25.0,98.69884,98.6463352178339,98.67258624905367
HAD,Red Bull,Chinese Grand Prix,2026,2,26.0,98.65818,98.63219063356826,98.64518543519233
HAD,Red Bull,Chinese Grand Prix,2026,2,27.0,98.418945,98.43396526978094,98.42645529114047
HAD,Red Bull,Chinese Grand Prix,2026,2,28.0,98.28109,98.2421069527907,98.26159836775278
HAD,Red Bull,Chinese Grand Prix,2026,2,29.0,98.2127,98.14925030819748,98.1809750991671
HAD,Red Bull,Chinese Grand Prix,2026,2,30.0,98.121956,98.10629597910354,98.11412592534279
HAD,Red Bull,Chinese Grand Prix,2026,2,31.0,97.855736,97.95441284625022,97.90507431252941
HAD,Red Bull,Chinese Grand Prix,2026,2,32.0,97.88735,97.97733100083755,97.93234149529182
HAD,Red Bull,Chinese Grand Prix,2026,2,33.0,97.889565,97.84132252218953,97.86544351817484
HAD,Red Bull,Chinese Grand Prix,2026,2,34.0,98.069374,97.98573046757578,98.02755227602421
HAD,Red Bull,Chinese Grand Prix,2026,2,35.0,97.89158,97.8494188477403,97.87049876102836
HAD,Red Bull,Chinese Grand Prix,2026,2,36.0,97.890526,97.8515976167379,97.8710617173045
HAD,Red Bull,Chinese Grand Prix,2026,2,37.0,97.82381,97.78978985457982,97.80679830863757
HAD,Red Bull,Chinese Grand Prix,2026,2,38.0,97.78473,97.71391646450925,97.74932273420775
HAD,Red Bull,Chinese Grand Prix,2026,2,39.0,97.6657,97.58493505998636,97.6253189399053
HAD,Red Bull,Chinese Grand Prix,2026,2,40.0,97.676865,97.67246536193453,97.67466499297899
HAD,Red Bull,Chinese Grand Prix,2026,2,41.0,97.80692,97.76278192592807,97.78485241926286
HAD,Red Bull,Chinese Grand Prix,2026,2,42.0,97.811844,97.75003071434296,97.78093729320663
HAD,Red Bull,Chinese Grand Prix,2026,2,43.0,97.65868,97.59311321966233,97.62589849825889
HAD,Red Bull,Chinese Grand Prix,2026,2,44.0,97.395744,97.2840643754819,97.33990434960619
HAD,Red Bull,Chinese Grand Prix,2026,2,45.0,97.56064,97.51666253768688,97.53865048271064
HAD,Red Bull,Chinese Grand Prix,2026,2,46.0,97.43026,97.35244905367611,97.39135437913298
HAD,Red Bull,Chinese Grand Prix,2026,2,47.0,97.71192,97.73286214223505,97.72239191706478
HAD,Red Bull,Chinese Grand Prix,2026,2,48.0,97.826546,97.82171440733,97.82413006133102
HAD,Red Bull,Chinese Grand Prix,2026,2,49.0,98.06818,98.07838529604224,98.07328078278675
HAD,Red Bull,Chinese Grand Prix,2026,2,50.0,97.84679,97.79852498906055,97.822655744042
HAD,Red Bull,Chinese Grand Prix,2026,2,51.0,97.81013,97.76778014744998,97.78895370287538
HAD,Red Bull,Chinese Grand Prix,2026,2,52.0,97.81495,97.77349555704886,97.7942222963467
HAD,Red Bull,Chinese Grand Prix,2026,2,53.0,97.94061,97.89918392517046,97.9198983590696
HAD,Red Bull,Chinese Grand Prix,2026,2,54.0,97.93365,97.89297943763333,97.91331329669752
HAD,Red Bull,Chinese Grand Prix,2026,2,55.0,97.90986,97.86943488141318,97.88964679251323
HAD,Red Bull,Chinese Grand Prix,2026,2,56.0,97.75113,97.74785132618251,97.74949023828657
HAM,Ferrari,Chinese Grand Prix,2026,2,3.0,98.6166,98.58899093253406,98.60279548457757
HAM,Ferrari,Chinese Grand Prix,2026,2,4.0,98.36678,98.43634348435701,98.40156331322342
HAM,Ferrari,Chinese Grand Prix,2026,2,5.0,98.03863,98.00226296823176,98.02044529637175
HAM,Ferrari,Chinese Grand Prix,2026,2,6.0,97.796715,97.85704658768269,97.82688068519877
HAM,Ferrari,Chinese Grand Prix,2026,2,7.0,97.80894,97.89699674209182,97.85296690742285
HAM,Ferrari,Chinese Grand Prix,2026,2,8.0,98.06692,98.06664045292591,98.06677893617976
HAM,Ferrari,Chinese Grand Prix,2026,2,9.0,98.22276,98.26236011711597,98.2425615893197
HAM,Ferrari,Chinese Grand Prix,2026,2,15.0,97.064804,97.04979148545387,97.05729778130114
HAM,Ferrari,Chinese Grand Prix,2026,2,16.0,96.94774,96.97395644153075,96.96084754449583
HAM,Ferrari,Chinese Grand Prix,2026,2,17.0,96.856636,96.92676593679717,96.89170099208022
HAM,Ferrari,Chinese Grand Prix,2026,2,18.0,96.85421,96.93079140495968,96.89250065243101
HAM,Ferrari,Chinese Grand Prix,2026,2,19.0,96.91616,96.92279980816024,96.91948019582816
HAM,Ferrari,Chinese Grand Prix,2026,2,20.0,97.112564,97.1006393466074,97.10660171676074
HAM,Ferrari,Chinese Grand Prix,2026,2,21.0,96.99516,97.0089265020207,97.00204473294394
HAM,Ferrari,Chinese Grand Prix,2026,2,22.0,96.94608,96.95480351745249,96.95044329315007
HAM,Ferrari,Chinese Grand Prix,2026,2,23.0,96.95644,96.98598665969855,96.97121522315982
HAM,Ferrari,Chinese Grand Prix,2026,2,25.0,97.43329,97.48456986403535,97.45892921912704
HAM,Ferrari,Chinese Grand Prix,2026,2,26.0,97.249626,97.18852402637671,97.21907509302234
HAM,Ferrari,Chinese Grand Prix,2026,2,28.0,97.31057,97.34236560758104,97.32646768538231
HAM,Ferrari,Chinese Grand Prix,2026,2,29.0,96.77732,96.85829199284113,96.81780642732878
HAM,Ferrari,Chinese Grand Prix,2026,2,30.0,96.770676,96.84540491608361,96.80804028763166
HAM,Ferrari,Chinese Grand Prix,2026,2,31.0,96.58441,96.61099569717344,96.5977036591336
HAM,Ferrari,Chinese Grand Prix,2026,2,32.0,96.58822,96.55565953675418,96.57193911285951
HAM,Ferrari,Chinese Grand Prix,2026,2,33.0,96.56523,96.5089072343115,96.53706927877684
HAM,Ferrari,Chinese Grand Prix,2026,2,34.0,96.601425,96.55643463578205,96.57892990334025
HAM,Ferrari,Chinese Grand Prix,2026,2,35.0,96.90956,97.00376046338484,96.95666081030569
HAM,Ferrari,Chinese Grand Prix,2026,2,36.0,97.028275,97.19879613596196,97.11353533604739
HAM,Ferrari,Chinese Grand Prix,2026,2,37.0,97.05362,97.04680386925531,97.05021162701047
HAM,Ferrari,Chinese Grand Prix,2026,2,38.0,96.85173,96.78626204313876,96.81899619490923
HAM,Ferrari,Chinese Grand Prix,2026,2,40.0,96.820625,96.773726171347,96.79717573826139
HAM,Ferrari,Chinese Grand Prix,2026,2,41.0,96.64286,96.59617417587305,96.61951729423535
HAM,Ferrari,Chinese Grand Prix,2026,2,42.0,96.54113,96.62580504961473,96.58346755776634
HAM,Ferrari,Chinese Grand Prix,2026,2,43.0,96.403946,96.23070423672705,96.3173250797893
HAM,Ferrari,Chinese Grand Prix,2026,2,44.0,96.218636,96.25794639740667,96.23829097824435
HAM,Ferrari,Chinese Grand Prix,2026,2,45.0,96.27107,96.2536251332624,96.26234876047886
HAM,Ferrari,Chinese Grand Prix,2026,2,46.0,96.30179,96.30577717387122,96.30378275197467
HAM,Ferrari,Chinese Grand Prix,2026,2,47.0,96.28076,96.10033243083105,96.19054707479052
HAM,Ferrari,Chinese Grand Prix,2026,2,48.0,96.15306,96.04205534853786,96.0975581308119
HAM,Ferrari,Chinese Grand Prix,2026,2,49.0,96.162224,96.26727386516907,96.21474884054352
HAM,Ferrari,Chinese Grand Prix,2026,2,50.0,96.15078,96.13637761289942,96.14357866851026
HAM,Ferrari,Chinese Grand Prix,2026,2,51.0,96.16971,96.09290319736425,96.13130572465869
HAM,Ferrari,Chinese Grand Prix,2026,2,52.0,96.14942,95.97398865817357,96.06170517503405
HAM,Ferrari,Chinese Grand Prix,2026,2,53.0,96.16343,96.15694596521807,96.160187612736
HAM,Ferrari,Chinese Grand Prix,2026,2,54.0,96.30336,96.21436958398354,96.25886478466755
HAM,Ferrari,Chinese Grand Prix,2026,2,55.0,96.20087,96.13361501493347,96.16724085707611
HAM,Ferrari,Chinese Grand Prix,2026,2,56.0,96.16589,96.07836938167637,96.12213146818193
HUL,Audi,Chinese Grand Prix,2026,2,3.0,99.78831,99.82393526219973,99.80612122607056
HUL,Audi,Chinese Grand Prix,2026,2,4.0,99.60544,99.55642353896697,99.58093088569441
HUL,Audi,Chinese Grand Prix,2026,2,5.0,99.40821,99.34789606178124,99.37805340808788
HUL,Audi,Chinese Grand Prix,2026,2,6.0,99.04244,98.99370538726701,99.01807385452219
HUL,Audi,Chinese Grand Prix,2026,2,7.0,99.06928,99.02727989651788,99.04828121412808
HUL,Audi,Chinese Grand Prix,2026,2,8.0,98.963715,98.88905675878723,98.9263856791983
HUL,Audi,Chinese Grand Prix,2026,2,9.0,99.175835,99.1314852110466,99.15365993340416
HUL,Audi,Chinese Grand Prix,2026,2,15.0,99.058716,99.04489694319321,99.05180638175285
HUL,Audi,Chinese Grand Prix,2026,2,16.0,99.33785,99.29301903052885,99.3154357542781
HUL,Audi,Chinese Grand Prix,2026,2,17.0,99.298775,99.06923231521345,99.18400351722588
HUL,Audi,Chinese Grand Prix,2026,2,18.0,99.19658,99.12621183424956,99.16139540687087
HUL,Audi,Chinese Grand Prix,2026,2,19.0,98.81325,98.77019721474706,98.79172244770555
HUL,Audi,Chinese Grand Prix,2026,2,20.0,98.639465,98.62032162518956,98.6298934786104
HUL,Audi,Chinese Grand Prix,2026,2,21.0,98.4147,98.45286402745838,98.4337836982995
HUL,Audi,Chinese Grand Prix,2026,2,22.0,98.46158,98.4273582013148,98.44446828522771
HUL,Audi,Chinese Grand Prix,2026,2,23.0,98.74733,98.78478972628912,98.76605971910159
HUL,Audi,Chinese Grand Prix,2026,2,24.0,99.019806,98.97465021101077,98.99722805960695
HUL,Audi,Chinese Grand Prix,2026,2,25.0,99.058334,99.03388267018518,99.04610851038555
HUL,Audi,Chinese Grand Prix,2026,2,26.0,98.44376,98.45882245729403,98.4512930951021
HUL,Audi,Chinese Grand Prix,2026,2,27.0,98.265205,98.22132206894233,98.24326372612155
HUL,Audi,Chinese Grand Prix,2026,2,28.0,98.136604,98.1190671864633,98.12783574777266
HUL,Audi,Chinese Grand Prix,2026,2,29.0,98.16654,98.14577039289213,98.1561562230574
HUL,Audi,Chinese Grand Prix,2026,2,30.0,98.22636,98.12892960070134,98.17764305352449
HUL,Audi,Chinese Grand Prix,2026,2,31.0,98.048386,98.04279736410709,98.04559149211214
HUL,Audi,Chinese Grand Prix,2026,2,32.0,97.9641,97.9258707636082,97.94498723116934
HUL,Audi,Chinese Grand Prix,2026,2,33.0,98.19312,98.16322719503499,98.17817502940227
HUL,Audi,Chinese Grand Prix,2026,2,34.0,98.541145,98.57905011889177,98.5600977217994
HUL,Audi,Chinese Grand Prix,2026,2,37.0,96.61687,96.59281266738076,96.60483986640523
HUL,Audi,Chinese Grand Prix,2026,2,38.0,96.51133,96.50462729994881,96.50797847541386
HUL,Audi,Chinese Grand Prix,2026,2,39.0,96.66834,96.7919631129724,96.7301528516522
HUL,Audi,Chinese Grand Prix,2026,2,40.0,96.75201,96.85754225226458,96.80477439151315
HUL,Audi,Chinese Grand Prix,2026,2,41.0,96.91053,96.91420444027563,96.91236726530383
HUL,Audi,Chinese Grand Prix,2026,2,42.0,98.00449,98.59195660893138,98.29822516115514
HUL,Audi,Chinese Grand Prix,2026,2,43.0,97.65868,97.23049837658702,97.44459107672125
HUL,Audi,Chinese Grand Prix,2026,2,44.0,97.5114,97.51297847572494,97.51218839557731
HUL,Audi,Chinese Grand Prix,2026,2,45.0,96.85271,96.7856150930657,96.8191610011227
HUL,Audi,Chinese Grand Prix,2026,2,46.0,96.945946,96.94201874198858,96.94398224086734
HUL,Audi,Chinese Grand Prix,2026,2,47.0,97.70093,98.11651970808525,97.90872372123013
HUL,Audi,Chinese Grand Prix,2026,2,48.0,97.66194,97.71543288423406,97.6886872062772
HUL,Audi,Chinese Grand Prix,2026,2,49.0,98.12007,98.08693965357622,98.10350553235452
HUL,Audi,Chinese Grand Prix,2026,2,50.0,97.37104,97.48624303065088,97.42864168744458
HUL,Audi,Chinese Grand Prix,2026,2,51.0,97.779366,97.77286365243468,97.77611459599274
HUL,Audi,Chinese Grand Prix,2026,2,52.0,97.59927,97.74125040210676,97.67026204187368
HUL,Audi,Chinese Grand Prix,2026,2,53.0,97.68393,97.64942390519487,97.66667667427711
HUL,Audi,Chinese Grand Prix,2026,2,54.0,97.82775,97.81965457357246,97.82370286662021
HUL,Audi,Chinese Grand Prix,2026,2,55.0,97.77674,97.83439709007999,97.80556905895601
LAW,Racing Bulls,Chinese Grand Prix,2026,2,2.0,99.79931,99.8279223507825,99.81361556381898
LAW,Racing Bulls,Chinese Grand Prix,2026,2,3.0,99.2081,99.23418374600226,99.22114155561832
LAW,Racing Bulls,Chinese Grand Prix,2026,2,4.0,99.14705,99.1065118369488,99.12678039357206
LAW,Racing Bulls,Chinese Grand Prix,2026,2,5.0,99.42813,99.41062593020803,99.41937851686183
LAW,Racing Bulls,Chinese Grand Prix,2026,2,6.0,99.57358,99.54757087113262,99.560574375996
LAW,Racing Bulls,Chinese Grand Prix,2026,2,7.0,99.748215,99.70043930857301,99.72432701512635
LAW,Racing Bulls,Chinese Grand Prix,2026,2,8.0,99.71493,99.50497892030894,99.60995329682439
LAW,Racing Bulls,Chinese Grand Prix,2026,2,15.0,98.93723,99.01244009981619,98.9748365355038
LAW,Racing Bulls,Chinese Grand Prix,2026,2,16.0,99.14413,99.10897865552776,99.12655277380881
LAW,Racing Bulls,Chinese Grand Prix,2026,2,17.0,98.989845,98.96045602244612,98.97515064916252
LAW,Racing Bulls,Chinese Grand Prix,2026,2,18.0,98.88828,98.95396935222384,98.92112606405138
LAW,Racing Bulls,Chinese Grand Prix,2026,2,19.0,98.88603,98.83270156211594,98.85936683330407
LAW,Racing Bulls,Chinese Grand Prix,2026,2,20.0,98.89394,98.86841451049827,98.88117914855968
LAW,Racing Bulls,Chinese Grand Prix,2026,2,21.0,98.92988,98.87708882553731,98.9034835302003
LAW,Racing Bulls,Chinese Grand Prix,2026,2,22.0,98.71619,98.8652259237603,98.7907062235989
LAW,Racing Bulls,Chinese Grand Prix,2026,2,23.0,98.62103,98.58712589302985,98.6040793039368
LAW,Racing Bulls,Chinese Grand Prix,2026,2,24.0,98.63001,98.61194080844218,98.6209766603246
LAW,Racing Bulls,Chinese Grand Prix,2026,2,25.0,98.544975,98.50292507898385,98.52395017987278
LAW,Racing Bulls,Chinese Grand Prix,2026,2,26.0,98.48276,98.45055909702126,98.46665833269032
LAW,Racing Bulls,Chinese Grand Prix,2026,2,27.0,98.49457,98.47206258711692,98.48331522910533
LAW,Racing Bulls,Chinese Grand Prix,2026,2,28.0,98.39884,98.39898558688535,98.39891372239775
LAW,Racing Bulls,Chinese Grand Prix,2026,2,29.0,98.30202,98.38882639544036,98.34542180367721
LAW,Racing Bulls,Chinese Grand Prix,2026,2,30.0,98.17043,98.12149492295174,98.14596398369267
LAW,Racing Bulls,Chinese Grand Prix,2026,2,31.0,98.038605,98.07965189413267,98.0591283152304
LAW,Racing Bulls,Chinese Grand Prix,2026,2,32.0,97.98365,97.94823343991,97.96594182371476
LAW,Racing Bulls,Chinese Grand Prix,2026,2,33.0,98.01587,97.97167929969005,97.99377422015752
LAW,Racing Bulls,Chinese Grand Prix,2026,2,34.0,98.041756,98.00142771185084,98.02159169406019
LAW,Racing Bulls,Chinese Grand Prix,2026,2,35.0,98.05849,98.01920307532704,98.0388450069018
LAW,Racing Bulls,Chinese Grand Prix,2026,2,36.0,98.07748,98.06434064653293,98.07090857399888
LAW,Racing Bulls,Chinese Grand Prix,2026,2,37.0,98.03811,97.9701390405369,98.00412393311025
LAW,Racing Bulls,Chinese Grand Prix,2026,2,38.0,97.76519,97.71119472546435,97.73819242498803
LAW,Racing Bulls,Chinese Grand Prix,2026,2,39.0,97.77369,97.69608527236728,97.7348872711934
LAW,Racing Bulls,Chinese Grand Prix,2026,2,40.0,97.715034,97.71792662258672,97.716480553725
LAW,Racing Bulls,Chinese Grand Prix,2026,2,41.0,97.74021,97.70211131909709,97.72116140295674
LAW,Racing Bulls,Chinese Grand Prix,2026,2,42.0,97.664795,97.61838104486054,97.64158798336777
LAW,Racing Bulls,Chinese Grand Prix,2026,2,43.0,97.563934,97.51315722633818,97.53854577625503
LAW,Racing Bulls,Chinese Grand Prix,2026,2,44.0,97.43206,97.3198817423841,97.37597099204166
LAW,Racing Bulls,Chinese Grand Prix,2026,2,45.0,97.4141,97.37817705255989,97.39613884976627
LAW,Racing Bulls,Chinese Grand Prix,2026,2,46.0,97.42641,97.351465199582,97.38893602996677
LAW,Racing Bulls,Chinese Grand Prix,2026,2,47.0,97.41336,97.33899932425706,97.37617995998009
LAW,Racing Bulls,Chinese Grand Prix,2026,2,48.0,97.31654,97.34055605705859,97.32854981808008
LAW,Racing Bulls,Chinese Grand Prix,2026,2,49.0,97.43256,97.37018441617857,97.40137409895843
LAW,Racing Bulls,Chinese Grand Prix,2026,2,50.0,97.337845,97.34486381766246,97.34135433314763
LAW,Racing Bulls,Chinese Grand Prix,2026,2,51.0,97.31323,97.28247697324336,97.29785469755919
LAW,Racing Bulls,Chinese Grand Prix,2026,2,52.0,97.30669,97.26401056942964,97.28534848539842
LAW,Racing Bulls,Chinese Grand Prix,2026,2,53.0,97.3381,97.29962495546901,97.31886078706069
LAW,Racing Bulls,Chinese Grand Prix,2026,2,54.0,97.27316,97.3051162038809,97.2891395228389
LAW,Racing Bulls,Chinese Grand Prix,2026,2,55.0,97.22765,97.29978285601543,97.2637181797167
LAW,Racing Bulls,Chinese Grand Prix,2026,2,56.0,97.21778,97.1495326334773,97.18365685018591
LEC,Ferrari,Chinese Grand Prix,2026,2,2.0,98.48108,98.47127368996254,98.47617639576252
LEC,Ferrari,Chinese Grand Prix,2026,2,3.0,98.78038,98.61464187708381,98.69751106305362
LEC,Ferrari,Chinese Grand Prix,2026,2,4.0,98.25065,98.2351411454708,98.24289482200298
LEC,Ferrari,Chinese Grand Prix,2026,2,5.0,98.061676,98.085621468967,98.07364874717882
LEC,Ferrari,Chinese Grand Prix,2026,2,6.0,97.92903,97.94186825105224,97.93544981156128
LEC,Ferrari,Chinese Grand Prix,2026,2,7.0,98.01091,97.9695086526943,97.99020934343699
LEC,Ferrari,Chinese Grand Prix,2026,2,8.0,98.06452,98.01714146921066,98.04083162938072
LEC,Ferrari,Chinese Grand Prix,2026,2,9.0,98.0498,98.03214093653924,98.04096899732235
LEC,Ferrari,Chinese Grand Prix,2026,2,15.0,97.21639,97.21237222274706,97.21438236991845
LEC,Ferrari,Chinese Grand Prix,2026,2,16.0,97.215416,97.28607707890991,97.25074651674987
LEC,Ferrari,Chinese Grand Prix,2026,2,17.0,97.05122,97.16292008144583,97.10707191816432
LEC,Ferrari,Chinese Grand Prix,2026,2,18.0,96.90738,96.91272819986003,96.91005367512533
LEC,Ferrari,Chinese Grand Prix,2026,2,19.0,96.67685,96.7715780570612,96.7242137111478
LEC,Ferrari,Chinese Grand Prix,2026,2,20.0,96.68788,96.74335258512811,96.71561702742733
LEC,Ferrari,Chinese Grand Prix,2026,2,21.0,96.87783,96.81416591109955,96.84599820823533
LEC,Ferrari,Chinese Grand Prix,2026,2,22.0,96.70619,96.69577305285915,96.70098253473036
LEC,Ferrari,Chinese Grand Prix,2026,2,23.0,96.71576,96.67322202470636,96.69449065102506
LEC,Ferrari,Chinese Grand Prix,2026,2,24.0,96.96682,97.15051389071806,97.05866682695083
LEC,Ferrari,Chinese Grand Prix,2026,2,25.0,97.381516,97.4784718233987,97.4299936631642
LEC,Ferrari,Chinese Grand Prix,2026,2,26.0,97.45264,97.71096084882483,97.5817987837874
LEC,Ferrari,Chinese Grand Prix,2026,2,27.0,97.76306,97.8353117429942,97.79918663321584
LEC,Ferrari,Chinese Grand Prix,2026,2,28.0,97.44181,97.56479324451084,97.5033019262105
LEC,Ferrari,Chinese Grand Prix,2026,2,29.0,97.25981,97.07962787280789,97.16971963708754
LEC,Ferrari,Chinese Grand Prix,2026,2,30.0,96.896416,96.94760801057043,96.92201186050983
LEC,Ferrari,Chinese Grand Prix,2026,2,31.0,96.620316,96.69599205004214,96.65815380089998
LEC,Ferrari,Chinese Grand Prix,2026,2,32.0,96.58219,96.57265050649752,96.57742098689134
LEC,Ferrari,Chinese Grand Prix,2026,2,33.0,96.4394,96.56685209271816,96.50312590597822
LEC,Ferrari,Chinese Grand Prix,2026,2,34.0,96.60361,96.57591128504137,96.58975923138787
LEC,Ferrari,Chinese Grand Prix,2026,2,36.0,96.85294,96.85982000897812,96.85638171469414
LEC,Ferrari,Chinese Grand Prix,2026,2,37.0,96.92913,96.99954971642848,96.96434013531385
LEC,Ferrari,Chinese Grand Prix,2026,2,38.0,96.984344,96.97777096430632,96.9810577233641
LEC,Ferrari,Chinese Grand Prix,2026,2,39.0,96.8555,96.85299556644304,96.85424741701058
LEC,Ferrari,Chinese Grand Prix,2026,2,41.0,96.85349,96.77791129461339,96.81570201571489
LEC,Ferrari,Chinese Grand Prix,2026,2,42.0,96.90014,96.95844188005101,96.92929036751573
LEC,Ferrari,Chinese Grand Prix,2026,2,43.0,96.71242,96.78261875638226,96.74751817946066
LEC,Ferrari,Chinese Grand Prix,2026,2,44.0,96.69292,96.6521946092021,96.67255573965964
LEC,Ferrari,Chinese Grand Prix,2026,2,45.0,96.8221,96.91383846128123,96.86796811980076
LEC,Ferrari,Chinese Grand Prix,2026,2,46.0,96.73553,96.76242208285541,96.74897456071481
LEC,Ferrari,Chinese Grand Prix,2026,2,47.0,96.517876,96.46980260247001,96.49383913692836
LEC,Ferrari,Chinese Grand Prix,2026,2,48.0,96.176056,96.15220174528073,96.16412882674193
LEC,Ferrari,Chinese Grand Prix,2026,2,49.0,96.14726,96.13681119811244,96.14203688567731
LEC,Ferrari,Chinese Grand Prix,2026,2,50.0,96.31899,96.3231999634459,96.321096289096
LEC,Ferrari,Chinese Grand Prix,2026,2,51.0,96.483765,96.51973761010849,96.501751129273
LEC,Ferrari,Chinese Grand Prix,2026,2,52.0,96.46914,96.33640969783069,96.40277439847588
LEC,Ferrari,Chinese Grand Prix,2026,2,53.0,96.519165,96.60633699959463,96.56275101932857
LEC,Ferrari,Chinese Grand Prix,2026,2,54.0,96.22983,96.15185331274061,96.1908405968
LEC,Ferrari,Chinese Grand Prix,2026,2,55.0,96.17265,96.18051052916039,96.17658186370129
LEC,Ferrari,Chinese Grand Prix,2026,2,56.0,95.99986,95.9566557252978,95.97825919809812
LIN,Racing Bulls,Chinese Grand Prix,2026,2,2.0,101.00677,100.76588680141353,100.88632703718137
LIN,Racing Bulls,Chinese Grand Prix,2026,2,3.0,99.495255,99.5539777323718,99.52461612448668
LIN,Racing Bulls,Chinese Grand Prix,2026,2,4.0,99.45533,99.31946948438629,99.3873996897029
LIN,Racing Bulls,Chinese Grand Prix,2026,2,5.0,99.27638,99.26415689181559,99.27026966905233
LIN,Racing Bulls,Chinese Grand Prix,2026,2,6.0,99.2316,99.31819468218671,99.27489629128867
LIN,Racing Bulls,Chinese Grand Prix,2026,2,7.0,99.26057,99.20397163424555,99.23226917283566
LIN,Racing Bulls,Chinese Grand Prix,2026,2,8.0,99.24927,99.19009550636602,99.21968154224551
LIN,Racing Bulls,Chinese Grand Prix,2026,2,9.0,99.49054,99.46388314984677,99.47721135031401
LIN,Racing Bulls,Chinese Grand Prix,2026,2,14.0,100.38588,100.42020847778858,100.40304399719507
LIN,Racing Bulls,Chinese Grand Prix,2026,2,15.0,99.98536,99.79595789305544,99.890658542475
LIN,Racing Bulls,Chinese Grand Prix,2026,2,16.0,99.63439,99.58885801520734,99.61162489993765
LIN,Racing Bulls,Chinese Grand Prix,2026,2,17.0,99.15363,99.18900053903621,99.171316828356
LIN,Racing Bulls,Chinese Grand Prix,2026,2,18.0,99.22822,99.17372840476546,99.20097324168937
LIN,Racing Bulls,Chinese Grand Prix,2026,2,19.0,99.426056,99.3934943825653,99.4097751453842
LIN,Racing Bulls,Chinese Grand Prix,2026,2,20.0,99.43373,99.44788256979025,99.4408068244459
LIN,Racing Bulls,Chinese Grand Prix,2026,2,21.0,99.54284,99.50971049309655,99.52627477169476
LIN,Racing Bulls,Chinese Grand Prix,2026,2,22.0,99.490234,99.42183878594349,99.45603658047175
LIN,Racing Bulls,Chinese Grand Prix,2026,2,23.0,99.0998,99.06136919771319,99.08058465378824
LIN,Racing Bulls,Chinese Grand Prix,2026,2,24.0,98.90497,98.85717463427301,98.88107144799588
LIN,Racing Bulls,Chinese Grand Prix,2026,2,25.0,99.04505,99.01586577312943,99.03045867391823
LIN,Racing Bulls,Chinese Grand Prix,2026,2,26.0,99.19411,99.2056651695342,99.19988611259913
LIN,Racing Bulls,Chinese Grand Prix,2026,2,28.0,99.541016,99.30082247316075,99.42091904908037
LIN,Racing Bulls,Chinese Grand Prix,2026,2,29.0,99.09231,99.03432482777649,99.06331643610504
LIN,Racing Bulls,Chinese Grand Prix,2026,2,30.0,98.736984,98.72247044234214,98.72972734763592
LIN,Racing Bulls,Chinese Grand Prix,2026,2,31.0,98.52146,98.51647429219555,98.51896788950597
LIN,Racing Bulls,Chinese Grand Prix,2026,2,32.0,98.47815,98.46065982677153,98.46940462041701
LIN,Racing Bulls,Chinese Grand Prix,2026,2,33.0,98.38684,98.3779845881585,98.38241270423549
LIN,Racing Bulls,Chinese Grand Prix,2026,2,34.0,98.39769,98.3855850874935,98.39163745341472
LIN,Racing Bulls,Chinese Grand Prix,2026,2,35.0,98.30597,98.27009250257885,98.28803087043005
LIN,Racing Bulls,Chinese Grand Prix,2026,2,36.0,98.2986,98.27221302433885,98.28540613375145
LIN,Racing Bulls,Chinese Grand Prix,2026,2,37.0,98.17737,98.13930004769671,98.1583341058796
LIN,Racing Bulls,Chinese Grand Prix,2026,2,38.0,98.022865,97.99295708811007,98.00791119176012
LIN,Racing Bulls,Chinese Grand Prix,2026,2,39.0,98.02361,97.99659980707936,98.01010639157678
LIN,Racing Bulls,Chinese Grand Prix,2026,2,40.0,98.02357,97.99761536013581,98.01059127992141
LIN,Racing Bulls,Chinese Grand Prix,2026,2,41.0,99.295975,99.20454278211868,99.25025875678199
LIN,Racing Bulls,Chinese Grand Prix,2026,2,44.0,96.37542,96.3943249963772,96.3848723065382
LIN,Racing Bulls,Chinese Grand Prix,2026,2,45.0,96.29893,96.29734377917724,96.29813554315308
LIN,Racing Bulls,Chinese Grand Prix,2026,2,46.0,96.254486,96.28957559702341,96.2720308405039
LIN,Racing Bulls,Chinese Grand Prix,2026,2,47.0,96.09618,96.25417141779354,96.1751775973245
LIN,Racing Bulls,Chinese Grand Prix,2026,2,48.0,96.23963,96.27932746869145,96.25947956076175
LIN,Racing Bulls,Chinese Grand Prix,2026,2,49.0,96.28841,96.32318860831882,96.30579749019456
LIN,Racing Bulls,Chinese Grand Prix,2026,2,50.0,96.37327,96.4229386908559,96.39810340914866
LIN,Racing Bulls,Chinese Grand Prix,2026,2,51.0,96.602455,96.70492802383235,96.65369158149625
LIN,Racing Bulls,Chinese Grand Prix,2026,2,52.0,96.80719,96.9049073582022,96.85604864980422
LIN,Racing Bulls,Chinese Grand Prix,2026,2,53.0,97.027504,97.18151353766699,97.10450875247608
OCO,Haas,Chinese Grand Prix,2026,2,2.0,99.67297,99.71999325775911,99.6964834452858
OCO,Haas,Chinese Grand Prix,2026,2,3.0,99.26173,99.30006299603,99.28089468771226
OCO,Haas,Chinese Grand Prix,2026,2,4.0,99.15137,99.07148313082632,99.11142515916316
OCO,Haas,Chinese Grand Prix,2026,2,5.0,98.92822,98.86380858742581,98.8960156218379
OCO,Haas,Chinese Grand Prix,2026,2,6.0,98.88429,98.87246256832394,98.87837758543151
OCO,Haas,Chinese Grand Prix,2026,2,7.0,98.91145,98.95446557454882,98.93295941080956
OCO,Haas,Chinese Grand Prix,2026,2,8.0,98.936325,98.92749625308247,98.93191066316233
OCO,Haas,Chinese Grand Prix,2026,2,9.0,99.08275,99.11733391906517,99.10004116607556
OCO,Haas,Chinese Grand Prix,2026,2,14.0,99.691154,99.78367359891755,99.737414039449
OCO,Haas,Chinese Grand Prix,2026,2,15.0,99.48053,99.42371981566211,99.45212480040918
OCO,Haas,Chinese Grand Prix,2026,2,16.0,99.65229,99.558879936667,99.60558514045263
OCO,Haas,Chinese Grand Prix,2026,2,17.0,98.84726,98.75806509927152,98.80266231037794
OCO,Haas,Chinese Grand Prix,2026,2,18.0,98.66989,98.64533288974903,98.65761212358545
OCO,Haas,Chinese Grand Prix,2026,2,19.0,98.82005,98.76139841574255,98.79072575816424
OCO,Haas,Chinese Grand Prix,2026,2,20.0,99.17738,99.22823594235616,99.20280968260386
OCO,Haas,Chinese Grand Prix,2026,2,21.0,99.54585,99.61849960220445,99.58217613166863
OCO,Haas,Chinese Grand Prix,2026,2,22.0,99.10903,98.92058091175278,99.01480629449944
OCO,Haas,Chinese Grand Prix,2026,2,23.0,98.81298,98.72740063689353,98.77019064437451
OCO,Haas,Chinese Grand Prix,2026,2,24.0,98.64011,98.59692544492175,98.6185158230468
OCO,Haas,Chinese Grand Prix,2026,2,25.0,98.51826,98.49752892147825,98.50789303129577
OCO,Haas,Chinese Grand Prix,2026,2,26.0,98.22988,98.19083739984424,98.21035934323267
OCO,Haas,Chinese Grand Prix,2026,2,27.0,98.07253,98.08249505611123,98.0775138549599
OCO,Haas,Chinese Grand Prix,2026,2,28.0,98.18808,98.10707799166806,98.14757891282622
OCO,Haas,Chinese Grand Prix,2026,2,31.0,96.98298,96.9775511602978,96.9802649905493
OCO,Haas,Chinese Grand Prix,2026,2,32.0,96.97839,97.07617196599219,97.02728276033984
OCO,Haas,Chinese Grand Prix,2026,2,34.0,97.56454,97.70999541210563,97.63726623022274
OCO,Haas,Chinese Grand Prix,2026,2,35.0,97.92546,98.00689605308595,97.96617843425781
OCO,Haas,Chinese Grand Prix,2026,2,36.0,98.557785,98.50694524364735,98.53236513891352
OCO,Haas,Chinese Grand Prix,2026,2,37.0,98.343155,98.32373973651832,98.33344732187244
OCO,Haas,Chinese Grand Prix,2026,2,38.0,98.11108,98.20010588212219,98.15559111855133
OCO,Haas,Chinese Grand Prix,2026,2,39.0,97.80383,97.8570536343108,97.83044332106165
OCO,Haas,Chinese Grand Prix,2026,2,40.0,97.88692,97.90793255591703,97.89742483508742
OCO,Haas,Chinese Grand Prix,2026,2,41.0,98.08713,98.06627299575504,98.07670034065096
OCO,Haas,Chinese Grand Prix,2026,2,42.0,98.09125,98.06446919605803,98.0778583773259
OCO,Haas,Chinese Grand Prix,2026,2,44.0,97.916534,97.89725400676679,97.90689421529746
OCO,Haas,Chinese Grand Prix,2026,2,45.0,98.61056,98.75866689513359,98.68461222564297
OCO,Haas,Chinese Grand Prix,2026,2,48.0,96.4592,96.338941043795,96.39906952092093
OCO,Haas,Chinese Grand Prix,2026,2,49.0,96.63562,96.73146318994269,96.6835416535651
OCO,Haas,Chinese Grand Prix,2026,2,50.0,96.589905,96.5930699574935,96.59148737132487
OCO,Haas,Chinese Grand Prix,2026,2,51.0,96.600174,96.58965454495969,96.59491424757749
OCO,Haas,Chinese Grand Prix,2026,2,53.0,96.48815,96.54383844513723,96.5159949977151
OCO,Haas,Chinese Grand Prix,2026,2,54.0,96.235756,96.16659739085567,96.2011766556329
OCO,Haas,Chinese Grand Prix,2026,2,55.0,96.33999,96.32906778256206,96.33452824552907
PER,Cadillac,Chinese Grand Prix,2026,2,2.0,101.01411,101.03185571643982,101.02298123346405
PER,Cadillac,Chinese Grand Prix,2026,2,3.0,101.1237,101.04537914551041,101.08454107422006
PER,Cadillac,Chinese Grand Prix,2026,2,4.0,100.99729,100.96517140414863,100.98123148454502
PER,Cadillac,Chinese Grand Prix,2026,2,5.0,101.002335,100.98449144398708,100.99341301935682
PER,Cadillac,Chinese Grand Prix,2026,2,6.0,100.74794,100.6774843272363,100.71271219535643
PER,Cadillac,Chinese Grand Prix,2026,2,7.0,100.7795,100.72019155817465,100.74984721341349
PER,Cadillac,Chinese Grand Prix,2026,2,8.0,100.81366,100.76554494043607,100.78960230420242
PER,Cadillac,Chinese Grand Prix,2026,2,15.0,99.95007,99.7235341538929,99.8368036980402
PER,Cadillac,Chinese Grand Prix,2026,2,16.0,99.77743,99.75254315642617,99.764985414883
PER,Cadillac,Chinese Grand Prix,2026,2,18.0,99.55088,99.50644702023794,99.52866372618342
PER,Cadillac,Chinese Grand Prix,2026,2,19.0,99.46022,99.46818817897788,99.46420425794597
PER,Cadillac,Chinese Grand Prix,2026,2,20.0,99.67449,99.47326117690818,99.5738765296162
PER,Cadillac,Chinese Grand Prix,2026,2,21.0,99.85947,99.67313668323068,99.76630161798252
PER,Cadillac,Chinese Grand Prix,2026,2,22.0,99.84732,99.83928451667849,99.84330253665956
PER,Cadillac,Chinese Grand Prix,2026,2,23.0,99.67887,99.47277449310627,99.57582282394571
PER,Cadillac,Chinese Grand Prix,2026,2,24.0,99.68594,99.70928698009907,99.69761529180735
PER,Cadillac,Chinese Grand Prix,2026,2,25.0,100.13051,99.90951906848454,100.02001374566805
PER,Cadillac,Chinese Grand Prix,2026,2,26.0,100.18508,100.24697027250241,100.216025877218
PER,Cadillac,Chinese Grand Prix,2026,2,27.0,100.36062,100.20470373738794,100.28266116434827
PER,Cadillac,Chinese Grand Prix,2026,2,28.0,99.91383,99.68964629771155,99.8017399579378
PER,Cadillac,Chinese Grand Prix,2026,2,29.0,100.07176,99.87956277277787,99.97566242886941
PER,Cadillac,Chinese Grand Prix,2026,2,30.0,99.90841,99.89225324800013,99.90033118332624
PER,Cadillac,Chinese Grand Prix,2026,2,31.0,100.15191,99.97586867046002,100.06388877248587
PER,Cadillac,Chinese Grand Prix,2026,2,32.0,99.94047,99.8794473757386,99.90995760510563
PER,Cadillac,Chinese Grand Prix,2026,2,33.0,99.925095,99.69309497625589,99.80909479037405
PER,Cadillac,Chinese Grand Prix,2026,2,34.0,100.02454,99.74196718452177,99.8832554733644
PER,Cadillac,Chinese Grand Prix,2026,2,35.0,99.81938,99.96718012114404,99.89328091750562
PER,Cadillac,Chinese Grand Prix,2026,2,36.0,99.61516,99.45311248063395,99.53413528084431
PER,Cadillac,Chinese Grand Prix,2026,2,37.0,99.50518,99.25294019097836,99.37906027493254
PER,Cadillac,Chinese Grand Prix,2026,2,38.0,99.658745,99.4588394558216,99.55879213391665
PER,Cadillac,Chinese Grand Prix,2026,2,39.0,99.73124,99.64407873653786,99.68765902769276
PER,Cadillac,Chinese Grand Prix,2026,2,40.0,99.677986,99.69390574767131,99.68594594634541
PER,Cadillac,Chinese Grand Prix,2026,2,41.0,99.825424,99.76733363362867,99.7963789139823
PER,Cadillac,Chinese Grand Prix,2026,2,42.0,99.68876,99.64071776110235,99.6647383056
PER,Cadillac,Chinese Grand Prix,2026,2,46.0,100.73294,100.53489266639674,100.63391667011243
PER,Cadillac,Chinese Grand Prix,2026,2,47.0,99.72861,99.54803671329448,99.63832194551443
PER,Cadillac,Chinese Grand Prix,2026,2,48.0,100.4573,100.45933569066798,100.45831698473829
PER,Cadillac,Chinese Grand Prix,2026,2,49.0,99.8213,99.68772218812775,99.75450944001113
PER,Cadillac,Chinese Grand Prix,2026,2,50.0,99.191284,99.22572788924765,99.20850603446758
PER,Cadillac,Chinese Grand Prix,2026,2,51.0,98.873886,98.88582357222218,98.87985484031032
PER,Cadillac,Chinese Grand Prix,2026,2,52.0,98.939865,99.05490998019735,98.99738754625102
PER,Cadillac,Chinese Grand Prix,2026,2,53.0,99.19971,99.20734621077094,99.20352662101047
PER,Cadillac,Chinese Grand Prix,2026,2,54.0,99.27051,99.08726520814662,99.17888651032331
PER,Cadillac,Chinese Grand Prix,2026,2,55.0,98.935356,98.9613809975083,98.9483685688225
RUS,Mercedes,Chinese Grand Prix,2026,2,4.0,97.07247,97.07415387996087,97.07331274930661
RUS,Mercedes,Chinese Grand Prix,2026,2,5.0,97.24427,97.34282337559416,97.29354685015059
RUS,Mercedes,Chinese Grand Prix,2026,2,6.0,97.32042,97.30720989488246,97.31381460320296
RUS,Mercedes,Chinese Grand Prix,2026,2,7.0,97.48096,97.44767032577147,97.46431367851073
RUS,Mercedes,Chinese Grand Prix,2026,2,8.0,97.35612,97.34028378012965,97.3482005143324
RUS,Mercedes,Chinese Grand Prix,2026,2,9.0,97.33379,97.33548204832432,97.33463784423051
RUS,Mercedes,Chinese Grand Prix,2026,2,16.0,97.535286,97.55861978885534,97.54695286928118
RUS,Mercedes,Chinese Grand Prix,2026,2,17.0,96.799385,96.82172856036763,96.8105568155842
RUS,Mercedes,Chinese Grand Prix,2026,2,18.0,96.59442,96.5812634522085,96.58784241946363
RUS,Mercedes,Chinese Grand Prix,2026,2,19.0,96.46587,96.41068488164271,96.43827929995221
RUS,Mercedes,Chinese Grand Prix,2026,2,20.0,96.4271,96.55329528435622,96.49019820980507
RUS,Mercedes,Chinese Grand Prix,2026,2,21.0,96.6374,96.67330120992422,96.65534948801874
RUS,Mercedes,Chinese Grand Prix,2026,2,22.0,96.71176,96.68792187897449,96.69984167679193
RUS,Mercedes,Chinese Grand Prix,2026,2,23.0,96.696724,96.64840464826374,96.67256429312602
RUS,Mercedes,Chinese Grand Prix,2026,2,24.0,97.07264,97.17214067236812,97.12239006885008
RUS,Mercedes,Chinese Grand Prix,2026,2,26.0,97.11718,97.10969758833225,97.11343872946887
RUS,Mercedes,Chinese Grand Prix,2026,2,27.0,97.4826,97.48595254455896,97.48427494781659
RUS,Mercedes,Chinese Grand Prix,2026,2,28.0,97.31696,97.35067409278358,97.33381864429218
RUS,Mercedes,Chinese Grand Prix,2026,2,29.0,96.67234,96.6183499380768,96.6453451655716
RUS,Mercedes,Chinese Grand Prix,2026,2,30.0,96.44225,96.51526231623343,96.4787577145132
RUS,Mercedes,Chinese Grand Prix,2026,2,31.0,96.16667,96.31371569898914,96.24019372595941
RUS,Mercedes,Chinese Grand Prix,2026,2,32.0,96.12574,96.13478138503801,96.13026071815378
RUS,Mercedes,Chinese Grand Prix,2026,2,33.0,96.04053,96.10671266721775,96.07362000548387
RUS,Mercedes,Chinese Grand Prix,2026,2,34.0,95.831955,95.90304488118504,95.86749991861987
RUS,Mercedes,Chinese Grand Prix,2026,2,35.0,96.05137,96.13689166072056,96.09413018704973
RUS,Mercedes,Chinese Grand Prix,2026,2,36.0,95.86303,95.94802282813984,95.90552615406015
RUS,Mercedes,Chinese Grand Prix,2026,2,37.0,95.85028,95.64965353107578,95.74996714639727
RUS,Mercedes,Chinese Grand Prix,2026,2,38.0,95.52924,95.56768176085924,95.54846261504876
RUS,Mercedes,Chinese Grand Prix,2026,2,39.0,95.40064,95.43716143177413,95.41890191339684
RUS,Mercedes,Chinese Grand Prix,2026,2,40.0,95.53859,95.34861216451603,95.44360082102754
RUS,Mercedes,Chinese Grand Prix,2026,2,41.0,95.548706,95.38412946022507,95.46641775745628
RUS,Mercedes,Chinese Grand Prix,2026,2,42.0,96.06358,96.18635454951081,96.12496896176712
RUS,Mercedes,Chinese Grand Prix,2026,2,43.0,96.010994,95.9666230620253,95.98880850977241
RUS,Mercedes,Chinese Grand Prix,2026,2,44.0,95.85631,95.6879150334039,95.77211150840117
RUS,Mercedes,Chinese Grand Prix,2026,2,45.0,95.59728,95.65047373158474,95.62387807062635
RUS,Mercedes,Chinese Grand Prix,2026,2,46.0,95.921585,95.86182131439959,95.89170319870371
RUS,Mercedes,Chinese Grand Prix,2026,2,47.0,95.87419,95.68584501158982,95.78001814788476
RUS,Mercedes,Chinese Grand Prix,2026,2,48.0,96.03124,95.97200232310874,96.0016223468571
RUS,Mercedes,Chinese Grand Prix,2026,2,49.0,95.86644,95.68559669458828,95.77601825696212
RUS,Mercedes,Chinese Grand Prix,2026,2,50.0,95.841995,95.63897122954208,95.74048323439995
RUS,Mercedes,Chinese Grand Prix,2026,2,51.0,95.69002,95.55170681255565,95.62086225637549
RUS,Mercedes,Chinese Grand Prix,2026,2,52.0,95.512146,95.44396688135595,95.47805643872485
RUS,Mercedes,Chinese Grand Prix,2026,2,53.0,95.54179,95.34288946583997,95.44233782984381
RUS,Mercedes,Chinese Grand Prix,2026,2,54.0,95.9985,95.96342604733428,95.98096152830581
RUS,Mercedes,Chinese Grand Prix,2026,2,55.0,95.95861,95.79278820916596,95.87569937191697
RUS,Mercedes,Chinese Grand Prix,2026,2,56.0,95.913216,95.76713119975804,95.84017341848254
SAI,Williams,Chinese Grand Prix,2026,2,2.0,100.70361,100.67198886498304,100.68780107311652
SAI,Williams,Chinese Grand Prix,2026,2,3.0,100.18452,100.21631043741573,100.200413672077
SAI,Williams,Chinese Grand Prix,2026,2,4.0,99.52714,99.53036783957259,99.52875279796012
SAI,Williams,Chinese Grand Prix,2026,2,5.0,99.38039,99.51337110477787,99.44687872865848
SAI,Williams,Chinese Grand Prix,2026,2,6.0,99.434845,99.48021102833629,99.4575279995197
SAI,Williams,Chinese Grand Prix,2026,2,7.0,100.247055,100.23674172760958,100.24189839066025
SAI,Williams,Chinese Grand Prix,2026,2,8.0,100.40133,100.45988265756361,100.43060584904548
SAI,Williams,Chinese Grand Prix,2026,2,15.0,99.03532,99.04766993279969,99.04149320004242
SAI,Williams,Chinese Grand Prix,2026,2,16.0,99.24594,99.25449085914862,99.250216010629
SAI,Williams,Chinese Grand Prix,2026,2,17.0,99.17666,99.10832366764627,99.14249114900869
SAI,Williams,Chinese Grand Prix,2026,2,18.0,98.99715,98.96471357676742,98.98093009160637
SAI,Williams,Chinese Grand Prix,2026,2,19.0,98.86731,98.87006548746986,98.86868752889117
SAI,Williams,Chinese Grand Prix,2026,2,20.0,98.98728,98.79465250465859,98.8909671519875
SAI,Williams,Chinese Grand Prix,2026,2,21.0,99.2128,99.26846444249963,99.24063175738263
SAI,Williams,Chinese Grand Prix,2026,2,23.0,99.2132,99.26050180445405,99.23685261731492
SAI,Williams,Chinese Grand Prix,2026,2,24.0,99.03648,99.01275906857505,99.02462141661175
SAI,Williams,Chinese Grand Prix,2026,2,25.0,98.96026,98.9044280744432,98.93234327916497
SAI,Williams,Chinese Grand Prix,2026,2,26.0,98.72168,98.73226518207417,98.72697243478709
SAI,Williams,Chinese Grand Prix,2026,2,27.0,99.18677,99.25455116763422,99.22065937287961
SAI,Williams,Chinese Grand Prix,2026,2,28.0,99.0543,99.07002886770704,99.06216363429297
SAI,Williams,Chinese Grand Prix,2026,2,29.0,99.08858,99.08133089107433,99.08495408079108
SAI,Williams,Chinese Grand Prix,2026,2,30.0,98.64401,98.64011634984419,98.64206440050803
SAI,Williams,Chinese Grand Prix,2026,2,31.0,98.61174,98.59408794543228,98.60291402886848
SAI,Williams,Chinese Grand Prix,2026,2,32.0,98.389305,98.40588110000749,98.39759310737679
SAI,Williams,Chinese Grand Prix,2026,2,33.0,98.40271,98.36919986280245,98.38595491186997
SAI,Williams,Chinese Grand Prix,2026,2,34.0,98.504776,98.54428811964308,98.52453206030982
SAI,Williams,Chinese Grand Prix,2026,2,35.0,98.65955,98.63592217288091,98.64773785035646
SAI,Williams,Chinese Grand Prix,2026,2,36.0,98.71939,98.70947954346366,98.71443520630214
SAI,Williams,Chinese Grand Prix,2026,2,37.0,98.64744,98.5737623525649,98.61060020094065
SAI,Williams,Chinese Grand Prix,2026,2,38.0,98.483246,98.43851593641905,98.4608808930142
SAI,Williams,Chinese Grand Prix,2026,2,39.0,98.48322,98.46423656626199,98.47372976384389
SAI,Williams,Chinese Grand Prix,2026,2,40.0,98.46977,98.4176975449301,98.44373494189864
SAI,Williams,Chinese Grand Prix,2026,2,41.0,98.476234,98.44756442537523,98.46189943070519
SAI,Williams,Chinese Grand Prix,2026,2,42.0,98.318695,98.38682789281934,98.35276148058935
SAI,Williams,Chinese Grand Prix,2026,2,43.0,98.31947,98.28576171823234,98.30261749241694
SAI,Williams,Chinese Grand Prix,2026,2,44.0,98.30777,98.26286539652843,98.28531758595952
SAI,Williams,Chinese Grand Prix,2026,2,45.0,98.225746,98.13629193655437,98.18101904566976
SAI,Williams,Chinese Grand Prix,2026,2,46.0,98.16666,98.08919829045986,98.12792739230025
SAI,Williams,Chinese Grand Prix,2026,2,47.0,98.15663,98.1556896660467,98.15616056788663
SAI,Williams,Chinese Grand Prix,2026,2,48.0,98.1568,98.08247950748178,98.11963941194401
SAI,Williams,Chinese Grand Prix,2026,2,49.0,98.17155,98.1268500479522,98.14919849199367
SAI,Williams,Chinese Grand Prix,2026,2,50.0,98.49282,98.5338584813908,98.51333961056844
SAI,Williams,Chinese Grand Prix,2026,2,51.0,98.33297,98.28162537359083,98.30729751955909
SAI,Williams,Chinese Grand Prix,2026,2,52.0,98.59102,98.56735615953787,98.57918741814784
SAI,Williams,Chinese Grand Prix,2026,2,54.0,98.215034,98.15666670634629,98.18585059560479
SAI,Williams,Chinese Grand Prix,2026,2,55.0,98.32027,98.28202105904387,98.30114389133834
STR,Aston Martin,Chinese Grand Prix,2026,2,2.0,101.77731,101.70449124449388,101.74090223845788
STR,Aston Martin,Chinese Grand Prix,2026,2,3.0,101.764595,101.65849818760248,101.71154660967038
STR,Aston Martin,Chinese Grand Prix,2026,2,4.0,101.781586,101.65955981490276,101.72057275413107
STR,Aston Martin,Chinese Grand Prix,2026,2,5.0,101.5105,101.48736973409724,101.49893389048611
STR,Aston Martin,Chinese Grand Prix,2026,2,6.0,101.059494,101.01460106038586,101.03704753947028
STR,Aston Martin,Chinese Grand Prix,2026,2,7.0,101.03255,101.02057765043034,101.02656232375033
STR,Aston Martin,Chinese Grand Prix,2026,2,8.0,101.04643,101.0364390583369,101.04143577672704
STR,Aston Martin,Chinese Grand Prix,2026,2,9.0,101.042946,101.0374820378204,101.0402139498184
VER,Red Bull,Chinese Grand Prix,2026,2,2.0,100.30914,100.28418018863604,100.29666162752115
VER,Red Bull,Chinese Grand Prix,2026,2,3.0,99.32706,99.31864614289472,99.32285151383017
VER,Red Bull,Chinese Grand Prix,2026,2,4.0,99.26092,99.17398030404327,99.21744898380874
VER,Red Bull,Chinese Grand Prix,2026,2,5.0,99.14572,98.97684820003765,99.06128481779226
VER,Red Bull,Chinese Grand Prix,2026,2,6.0,99.1665,99.13097872541985,99.14873750113766
VER,Red Bull,Chinese Grand Prix,2026,2,7.0,99.451324,99.43113424312735,99.44122935300899
VER,Red Bull,Chinese Grand Prix,2026,2,8.0,99.44186,99.40856581844801,99.42521110136268
VER,Red Bull,Chinese Grand Prix,2026,2,17.0,98.23574,98.28261300298192,98.2591768323015
VER,Red Bull,Chinese Grand Prix,2026,2,18.0,97.715,97.71511673334165,97.71505653561613
VER,Red Bull,Chinese Grand Prix,2026,2,20.0,97.955124,97.81636551290664,97.88574470713692
VER,Red Bull,Chinese Grand Prix,2026,2,22.0,97.93151,97.96720762625752,97.94935927577524
VER,Red Bull,Chinese Grand Prix,2026,2,23.0,98.25324,98.27774510875534,98.26549380071556
VER,Red Bull,Chinese Grand Prix,2026,2,24.0,98.07046,98.05229657096262,98.06137701472936
VER,Red Bull,Chinese Grand Prix,2026,2,25.0,97.91162,97.88617207306623,97.89889658340812
VER,Red Bull,Chinese Grand Prix,2026,2,26.0,97.63042,97.65010154216529,97.64025920614124
VER,Red Bull,Chinese Grand Prix,2026,2,27.0,97.63705,97.57395109189625,97.60549895293055
VER,Red Bull,Chinese Grand Prix,2026,2,28.0,97.40289,97.30842263505485,97.35565785073055
VER,Red Bull,Chinese Grand Prix,2026,2,29.0,97.556435,97.530714545652,97.54357458849984
VER,Red Bull,Chinese Grand Prix,2026,2,30.0,97.550285,97.55119436036136,97.55073984985842
VER,Red Bull,Chinese Grand Prix,2026,2,31.0,97.59612,97.56177969877224,97.57895122023572
VER,Red Bull,Chinese Grand Prix,2026,2,32.0,97.700096,97.65340114371566,97.67674863704337
VER,Red Bull,Chinese Grand Prix,2026,2,33.0,97.5497,97.50434311623951,97.52702049610804
VER,Red Bull,Chinese Grand Prix,2026,2,34.0,97.51843,97.5136313456413,97.5160319814144
VER,Red Bull,Chinese Grand Prix,2026,2,35.0,97.40892,97.32290827335092,97.36591428071843
VER,Red Bull,Chinese Grand Prix,2026,2,36.0,97.29657,97.32241295852482,97.30949139137178
VER,Red Bull,Chinese Grand Prix,2026,2,37.0,97.32078,97.29244013639648,97.30660901473144
VER,Red Bull,Chinese Grand Prix,2026,2,38.0,97.034775,97.1249765667477,97.07987567351057
VER,Red Bull,Chinese Grand Prix,2026,2,39.0,97.05761,96.99698667945856,97.02729811878201
VER,Red Bull,Chinese Grand Prix,2026,2,40.0,97.06106,97.00104056742686,97.03104930593022
VER,Red Bull,Chinese Grand Prix,2026,2,41.0,97.263596,97.30721722234915,97.28540640170192
VER,Red Bull,Chinese Grand Prix,2026,2,42.0,97.33414,97.37130620173433,97.35272158231248
VER,Red Bull,Chinese Grand Prix,2026,2,43.0,97.32511,97.3299908258449,97.32755110750253
VER,Red Bull,Chinese Grand Prix,2026,2,44.0,97.21809,97.1527365611161,97.18541140189595
